Link Code,Work Order,Region,City,District 
JED-HRR2-RIYA-65,2502OSPCA0002547,Western,Jeddah,Riyadh
JED-FRDS-MANA-05,2502OSPCA0002805,Western,Jeddah,MANA
JED-FRDS-MANA-06,2502OSPCA0002806,Western,Jeddah,MANA
JED-FRDS-MANA-07,2502OSPCA0002807,Western,Jeddah,MANA
JED-FRDS-MANA-08,2502OSPCA0002808,Western,Jeddah,MANA
JED-FRDS-MANA-09,2502OSPCA0002809,Western,Jeddah,MANA
JED-FRDS-MANA-10,2502OSPCA0002810,Western,Jeddah,MANA
JED-FRDS-MANA-16,2502OSPCA0002811,Western,Jeddah,MANA
JED-FRDS-MANA-18,2502OSPCA0002812,Western,Jeddah,MANA
JED-FRDS-MANA-19,2502OSPCA0002813,Western,Jeddah,MANA
JED-FRDS-MANA-20,2502OSPCA0002814,Western,Jeddah,MANA
JED-FRDS-MANA-21,2502OSPCA0002815,Western,Jeddah,MANA
JED-FRDS-MANA-22,2502OSPCA0002816,Western,Jeddah,MANA
JED-FRDS-MANA-F1,2502OSPCA0002817,Western,Jeddah,MANA
JED-HRR2-RIYA-24,2502OSPCA0002818,Western,Jeddah,Riyadh
JED-HRR2-RIYA-25,2502OSPCA0002819,Western,Jeddah,Riyadh
JED-HRR2-RIYA-26,2502OSPCA0002820,Western,Jeddah,Riyadh
JED-HRR2-RIYA-27,2502OSPCA0002821,Western,Jeddah,Riyadh
JED-HRR2-RIYA-29,2502OSPCA0002822,Western,Jeddah,Riyadh
JED-HRR2-RIYA-34,2502OSPCA0002823,Western,Jeddah,Riyadh
JED-HRR2-RIYA-35,2502OSPCA0002824,Western,Jeddah,Riyadh
JED-HRR2-RIYA-36,2502OSPCA0002825,Western,Jeddah,Riyadh
JED-HRR2-RIYA-37,2502OSPCA0002826,Western,Jeddah,Riyadh
JED-HRR2-RIYA-38,2502OSPCA0002827,Western,Jeddah,Riyadh
JED-HRR2-RIYA-39,2502OSPCA0002828,Western,Jeddah,Riyadh
JED-HRR2-RIYA-41,2502OSPCA0002829,Western,Jeddah,Riyadh
JED-HRR2-RIYA-42,2502OSPCA0002830,Western,Jeddah,Riyadh
JED-HRR2-RIYA-43,2502OSPCA0002831,Western,Jeddah,Riyadh
JED-HRR2-RIYA-44,2502OSPCA0002832,Western,Jeddah,Riyadh
JED-HRR2-RIYA-45,2502OSPCA0002833,Western,Jeddah,Riyadh
JED-HRR2-RIYA-46,2502OSPCA0002834,Western,Jeddah,Riyadh
JED-HRR2-RIYA-47,2502OSPCA0002835,Western,Jeddah,Riyadh
JED-HRR2-RIYA-50,2502OSPCA0002836,Western,Jeddah,Riyadh
JED-HRR2-RIYA-52,2502OSPCA0002837,Western,Jeddah,Riyadh
JED-HRR2-RIYA-53,2502OSPCA0002838,Western,Jeddah,Riyadh
JED-HRR2-RIYA-54,2502OSPCA0002839,Western,Jeddah,Riyadh
JED-HRR2-RIYA-55,2502OSPCA0002840,Western,Jeddah,Riyadh
JED-HRR2-RIYA-56,2502OSPCA0002841,Western,Jeddah,Riyadh
JED-HRR2-RIYA-F3,2502OSPCA0002842,Western,Jeddah,Riyadh
JED-FRDS-BUHA-22,2502OSPCA0003073,Western,Jeddah,BUHA
JED-FRDS-BUHA-23,2502OSPCA0003074,Western,Jeddah,BUHA
JED-FRDS-BUHA-24,2502OSPCA0003075,Western,Jeddah,BUHA
JED-FRDS-BUHA-25,2502OSPCA0003076,Western,Jeddah,BUHA
JED-FRDS-BUHA-26,2502OSPCA0003077,Western,Jeddah,BUHA
JED-FRDS-BUHA-27,2502OSPCA0003078,Western,Jeddah,BUHA
JED-FRDS-BUHA-28,2502OSPCA0003079,Western,Jeddah,BUHA
JED-FRDS-BUHA-29,2502OSPCA0003080,Western,Jeddah,BUHA
JED-FRDS-BUHA-30,2502OSPCA0003081,Western,Jeddah,BUHA
JED-FRDS-BUHA-F2,2502OSPCA0003082,Western,Jeddah,BUHA
JED-HRR2-SALH-02,2502OSPCI0002388,Western,Jeddah,Salhiya
JED-HRR2-SALH-03,2502OSPCI0002389,Western,Jeddah,Salhiya
JED-HRR2-SALH-04,2502OSPCI0002390,Western,Jeddah,Salhiya
JED-HRR2-SALH-05,2502OSPCI0002391,Western,Jeddah,Salhiya
JED-HRR2-RIYA-60,2502OSPCI0002392,Western,Jeddah,Riyadh
JED-HRR2-RIYA-64,2502OSPCI0002393,Western,Jeddah,Riyadh
JED-HRR2-RIYA-70,2502OSPCI0002394,Western,Jeddah,Riyadh
JED-HRR2-RIYA-71,2502OSPCI0002395,Western,Jeddah,Riyadh
JED-HRR2-SALH-07,2502OSPCI0002400,Western,Jeddah,Salhiya
JED-HRR2-RIYA-63,2502OSPCI0002401,Western,Jeddah,Riyadh
JED-HRR2-RIYA-66,2502OSPCI0002402,Western,Jeddah,Riyadh
JED-HRR2-RIYA-68,2502OSPCI0002403,Western,Jeddah,Riyadh
JED-HRR2-RIYA-69,2502OSPCI0002404,Western,Jeddah,Riyadh
JED-HRR2-RIYA-67,2502OSPCI0002405,Western,Jeddah,Riyadh
MOY-MOYH-KHAL-01,2502OSPCI0002409,Western,Taif,MOYH
JED-HRR2-RIYA-F6,2502OSPCI0002485,Western,Jeddah,Riyadh
TUR-TRBH::TUR-SECO:01,2502OSPCI0002589,Western,Taif,Turba
JED-HRR2-RIYA-65,2502OSPCI0002695,Western,Jeddah,Riyadh
TAI-AYKB-SAKA-01,2502OSPCI0002755,Western,Taif,SAKA
TAI-AYKB-QUDS-01,2502OSPCI0002756,Western,Taif,QUDS
TAI-AYKB-QAMA-01,2502OSPCI0002757,Western,Taif,QAMA
TAI-AYKB-QAMA-01,2502OSPCI0002758,Western,Taif,QAMA
JED-HRR2-SALH-08,2502OSPCI0002821,Western,Jeddah,Salhiya
JED-HRR2-SALH-10,2502OSPCI0002823,Western,Jeddah,Salhiya
JED-HRR2-SALH-06,2502OSPCI0002825,Western,Jeddah,Salhiya
JED-HRR2-SALH-17,2502OSPCI0002832,Western,Jeddah,Salhiya
JED-HRR2-SALH-16,2502OSPCI0002834,Western,Jeddah,Salhiya
JED-HRR2-SALH-12,2502OSPCI0002838,Western,Jeddah,Salhiya
JED-HRR2-RIYA-F3,2502OSPCI0002860,Western,Jeddah,Riyadh
JED-HRR2-RIYA-38,2502OSPCI0002861,Western,Jeddah,Riyadh
JED-HRR2-RIYA-41,2502OSPCI0002896,Western,Jeddah,Riyadh
JED-HRR2-RIYA-56,2502OSPCI0002899,Western,Jeddah,Riyadh
JED-HRR2-RIYA-40,2502OSPCI0002900,Western,Jeddah,Riyadh
JED-HRR2-SALH-09,2502OSPCI0002941,Western,Jeddah,Salhiya
JED-HRR2-SALH-19,2502OSPCI0002951,Western,Jeddah,Salhiya
JED-HRR2-SALH-11,2502OSPCI0002952,Western,Jeddah,Salhiya
JED-FRDS-MANA-05,2502OSPCI0002964,Western,Jeddah,MANA
JED-FRDS-MANA-06,2502OSPCI0002965,Western,Jeddah,MANA
JED-FRDS-MANA-07,2502OSPCI0002966,Western,Jeddah,MANA
JED-FRDS-MANA-08,2502OSPCI0002967,Western,Jeddah,MANA
JED-FRDS-MANA-09,2502OSPCI0002968,Western,Jeddah,MANA
JED-FRDS-MANA-10,2502OSPCI0002969,Western,Jeddah,MANA
JED-FRDS-MANA-16,2502OSPCI0002970,Western,Jeddah,MANA
JED-FRDS-MANA-18,2502OSPCI0002971,Western,Jeddah,MANA
JED-FRDS-MANA-19,2502OSPCI0002972,Western,Jeddah,MANA
JED-FRDS-MANA-20,2502OSPCI0002973,Western,Jeddah,MANA
JED-FRDS-MANA-21,2502OSPCI0002974,Western,Jeddah,MANA
JED-FRDS-MANA-22,2502OSPCI0002975,Western,Jeddah,MANA
JED-FRDS-MANA-F1,2502OSPCI0002976,Western,Jeddah,MANA
JED-HRR2-RIYA-24,2502OSPCI0002977,Western,Jeddah,Riyadh
JED-HRR2-RIYA-25,2502OSPCI0002978,Western,Jeddah,Riyadh
JED-HRR2-RIYA-26,2502OSPCI0002979,Western,Jeddah,Riyadh
JED-HRR2-RIYA-27,2502OSPCI0002980,Western,Jeddah,Riyadh
JED-HRR2-RIYA-29,2502OSPCI0002981,Western,Jeddah,Riyadh
JED-HRR2-RIYA-34,2502OSPCI0002982,Western,Jeddah,Riyadh
JED-HRR2-RIYA-35,2502OSPCI0002983,Western,Jeddah,Riyadh
JED-HRR2-RIYA-36,2502OSPCI0002984,Western,Jeddah,Riyadh
JED-HRR2-RIYA-37,2502OSPCI0002985,Western,Jeddah,Riyadh
JED-HRR2-RIYA-38,2502OSPCI0002986,Western,Jeddah,Riyadh
JED-HRR2-RIYA-39,2502OSPCI0002987,Western,Jeddah,Riyadh
JED-HRR2-RIYA-41,2502OSPCI0002988,Western,Jeddah,Riyadh
JED-HRR2-RIYA-42,2502OSPCI0002989,Western,Jeddah,Riyadh
JED-HRR2-RIYA-43,2502OSPCI0002990,Western,Jeddah,Riyadh
JED-HRR2-RIYA-44,2502OSPCI0002991,Western,Jeddah,Riyadh
JED-HRR2-RIYA-45,2502OSPCI0002992,Western,Jeddah,Riyadh
JED-HRR2-RIYA-46,2502OSPCI0002993,Western,Jeddah,Riyadh
JED-HRR2-RIYA-47,2502OSPCI0002994,Western,Jeddah,Riyadh
JED-HRR2-RIYA-50,2502OSPCI0002995,Western,Jeddah,Riyadh
JED-HRR2-RIYA-52,2502OSPCI0002996,Western,Jeddah,Riyadh
JED-HRR2-RIYA-53,2502OSPCI0002997,Western,Jeddah,Riyadh
JED-HRR2-RIYA-54,2502OSPCI0002998,Western,Jeddah,Riyadh
JED-HRR2-RIYA-55,2502OSPCI0002999,Western,Jeddah,Riyadh
JED-HRR2-RIYA-56,2502OSPCI0003000,Western,Jeddah,Riyadh
JED-HRR2-RIYA-F3,2502OSPCI0003001,Western,Jeddah,Riyadh
JED-HRR2-RAHA-18,2502OSPCI0003104,Western,Jeddah,Rahmaniya
TAI-THVT-YASM-01,2502OSPCI0003212,Western,Taif,YASM
TAI-THVT-YASM-02,2502OSPCI0003213,Western,Taif,YASM
JED-FRDS-BUHA-22,2502OSPCI0003232,Western,Jeddah,BUHA
JED-FRDS-BUHA-23,2502OSPCI0003233,Western,Jeddah,BUHA
JED-FRDS-BUHA-24,2502OSPCI0003234,Western,Jeddah,BUHA
JED-FRDS-BUHA-25,2502OSPCI0003235,Western,Jeddah,BUHA
JED-FRDS-BUHA-26,2502OSPCI0003236,Western,Jeddah,BUHA
JED-FRDS-BUHA-27,2502OSPCI0003237,Western,Jeddah,BUHA
JED-FRDS-BUHA-28,2502OSPCI0003238,Western,Jeddah,BUHA
JED-FRDS-BUHA-29,2502OSPCI0003239,Western,Jeddah,BUHA
JED-FRDS-BUHA-30,2502OSPCI0003240,Western,Jeddah,BUHA
JED-FRDS-BUHA-F2,2502OSPCI0003241,Western,Jeddah,BUHA
TAI-THVT-YASM-F1,2502OSPCI0003264,Western,Taif,YASM
TAI-MELI-JUBR-10,2502OSPCI0003265,Western,Taif,JUBR
TAI-MELI-JUFE-01,2502OSPCI0003266,Western,Taif,JUFE
TAI-MELI-JUFE-02,2502OSPCI0003267,Western,Taif,JUFE
TAI-MELI-JUFE-03,2502OSPCI0003268,Western,Taif,JUFE
TAI-MELI-JUFE-04,2502OSPCI0003269,Western,Taif,JUFE
TAI-MELI-JUFE-05,2502OSPCI0003270,Western,Taif,JUFE
TAI-MELI-NASE-03,2502OSPCI0003271,Western,Taif,NASE
JED-HRR2-RIYA-23,2502OSPCI0003303,Western,Jeddah,Riyadh
JED-HRR2-SALH-14,2502OSPCI0003326,Western,Jeddah,Salhiya
JED-HRR2-RIYA-65,2502OSPFA0002680,Western,Jeddah,Riyadh
JED-FRDS-MANA-05,2502OSPFA0002956,Western,Jeddah,MANA
JED-FRDS-MANA-06,2502OSPFA0002957,Western,Jeddah,MANA
JED-FRDS-MANA-07,2502OSPFA0002958,Western,Jeddah,MANA
JED-FRDS-MANA-08,2502OSPFA0002959,Western,Jeddah,MANA
JED-FRDS-MANA-09,2502OSPFA0002960,Western,Jeddah,MANA
JED-FRDS-MANA-10,2502OSPFA0002961,Western,Jeddah,MANA
JED-FRDS-MANA-16,2502OSPFA0002962,Western,Jeddah,MANA
JED-FRDS-MANA-18,2502OSPFA0002963,Western,Jeddah,MANA
JED-FRDS-MANA-19,2502OSPFA0002964,Western,Jeddah,MANA
JED-FRDS-MANA-20,2502OSPFA0002965,Western,Jeddah,MANA
JED-FRDS-MANA-21,2502OSPFA0002966,Western,Jeddah,MANA
JED-FRDS-MANA-22,2502OSPFA0002967,Western,Jeddah,MANA
JED-FRDS-MANA-F1,2502OSPFA0002968,Western,Jeddah,MANA
JED-HRR2-RIYA-24,2502OSPFA0002969,Western,Jeddah,Riyadh
JED-HRR2-RIYA-25,2502OSPFA0002970,Western,Jeddah,Riyadh
JED-HRR2-RIYA-26,2502OSPFA0002971,Western,Jeddah,Riyadh
JED-HRR2-RIYA-27,2502OSPFA0002972,Western,Jeddah,Riyadh
JED-HRR2-RIYA-29,2502OSPFA0002973,Western,Jeddah,Riyadh
JED-HRR2-RIYA-34,2502OSPFA0002974,Western,Jeddah,Riyadh
JED-HRR2-RIYA-35,2502OSPFA0002975,Western,Jeddah,Riyadh
JED-HRR2-RIYA-36,2502OSPFA0002976,Western,Jeddah,Riyadh
JED-HRR2-RIYA-37,2502OSPFA0002977,Western,Jeddah,Riyadh
JED-HRR2-RIYA-38,2502OSPFA0002978,Western,Jeddah,Riyadh
JED-HRR2-RIYA-39,2502OSPFA0002979,Western,Jeddah,Riyadh
JED-HRR2-RIYA-41,2502OSPFA0002980,Western,Jeddah,Riyadh
JED-HRR2-RIYA-42,2502OSPFA0002981,Western,Jeddah,Riyadh
JED-HRR2-RIYA-43,2502OSPFA0002982,Western,Jeddah,Riyadh
JED-HRR2-RIYA-44,2502OSPFA0002983,Western,Jeddah,Riyadh
JED-HRR2-RIYA-45,2502OSPFA0002984,Western,Jeddah,Riyadh
JED-HRR2-RIYA-46,2502OSPFA0002985,Western,Jeddah,Riyadh
JED-HRR2-RIYA-47,2502OSPFA0002986,Western,Jeddah,Riyadh
JED-HRR2-RIYA-50,2502OSPFA0002987,Western,Jeddah,Riyadh
JED-HRR2-RIYA-52,2502OSPFA0002988,Western,Jeddah,Riyadh
JED-HRR2-RIYA-53,2502OSPFA0002989,Western,Jeddah,Riyadh
JED-HRR2-RIYA-54,2502OSPFA0002990,Western,Jeddah,Riyadh
JED-HRR2-RIYA-55,2502OSPFA0002991,Western,Jeddah,Riyadh
JED-HRR2-RIYA-56,2502OSPFA0002992,Western,Jeddah,Riyadh
JED-HRR2-RIYA-F3,2502OSPFA0002993,Western,Jeddah,Riyadh
JED-FRDS-BUHA-22,2502OSPFA0003241,Western,Jeddah,BUHA
JED-FRDS-BUHA-23,2502OSPFA0003242,Western,Jeddah,BUHA
JED-FRDS-BUHA-24,2502OSPFA0003243,Western,Jeddah,BUHA
JED-FRDS-BUHA-25,2502OSPFA0003244,Western,Jeddah,BUHA
JED-FRDS-BUHA-26,2502OSPFA0003245,Western,Jeddah,BUHA
JED-FRDS-BUHA-27,2502OSPFA0003246,Western,Jeddah,BUHA
JED-FRDS-BUHA-28,2502OSPFA0003247,Western,Jeddah,BUHA
JED-FRDS-BUHA-29,2502OSPFA0003248,Western,Jeddah,BUHA
JED-FRDS-BUHA-30,2502OSPFA0003249,Western,Jeddah,BUHA
JED-FRDS-BUHA-F2,2502OSPFA0003250,Western,Jeddah,BUHA
JED-HRR2-SALH-02,2502OSPFI0002415,Western,Jeddah,Salhiya
JED-HRR2-SALH-03,2502OSPFI0002424,Western,Jeddah,Salhiya
JED-HRR2-SALH-04,2502OSPFI0002425,Western,Jeddah,Salhiya
JED-HRR2-SALH-05,2502OSPFI0002426,Western,Jeddah,Salhiya
JED-HRR2-SALH-F2,2502OSPFI0002427,Western,Jeddah,Salhiya
JED-HRR2-RIYA-60,2502OSPFI0002428,Western,Jeddah,Riyadh
JED-HRR2-RIYA-64,2502OSPFI0002429,Western,Jeddah,Riyadh
JED-HRR2-RIYA-70,2502OSPFI0002430,Western,Jeddah,Riyadh
JED-HRR2-RIYA-71,2502OSPFI0002431,Western,Jeddah,Riyadh
JED-HRR2-SALH-07,2502OSPFI0002436,Western,Jeddah,Salhiya
JED-HRR2-RIYA-63,2502OSPFI0002437,Western,Jeddah,Riyadh
JED-HRR2-RIYA-66,2502OSPFI0002438,Western,Jeddah,Riyadh
JED-HRR2-RIYA-68,2502OSPFI0002439,Western,Jeddah,Riyadh
JED-HRR2-RIYA-69,2502OSPFI0002440,Western,Jeddah,Riyadh
JED-HRR2-RIYA-67,2502OSPFI0002441,Western,Jeddah,Riyadh
MOY-MOYH-KHAL-01,2502OSPFI0002445,Western,Taif,MOYH
JED-HRR2-RIYA-F6,2502OSPFI0002488,Western,Jeddah,Riyadh
TUR-TRBH::TUR-SECO:01,2502OSPFI0002599,Western,Taif,Turba
JED-HRR2-RIYA-65,2502OSPFI0002703,Western,Jeddah,Riyadh
TAI-AYKB-SAKA-01,2502OSPFI0002768,Western,Taif,SAKA
TAI-AYKB-QUDS-01,2502OSPFI0002769,Western,Taif,QUDS
TAI-AYKB-QAMA-01,2502OSPFI0002770,Western,Taif,QAMA
JED-HRR2-SALH-08,2502OSPFI0002822,Western,Jeddah,Salhiya
JED-HRR2-SALH-10,2502OSPFI0002824,Western,Jeddah,Salhiya
JED-HRR2-SALH-06,2502OSPFI0002826,Western,Jeddah,Salhiya
JED-HRR2-SALH-17,2502OSPFI0002833,Western,Jeddah,Salhiya
JED-HRR2-SALH-16,2502OSPFI0002835,Western,Jeddah,Salhiya
JED-HRR2-SALH-12,2502OSPFI0002839,Western,Jeddah,Salhiya
JED-HRR2-RIYA-F3,2502OSPFI0002860,Western,Jeddah,Riyadh
JED-HRR2-RIYA-38,2502OSPFI0002861,Western,Jeddah,Riyadh
JED-HRR2-RIYA-41,2502OSPFI0002905,Western,Jeddah,Riyadh
JED-HRR2-RIYA-56,2502OSPFI0002908,Western,Jeddah,Riyadh
JED-HRR2-RIYA-40,2502OSPFI0002909,Western,Jeddah,Riyadh
JED-HRR2-SALH-09,2502OSPFI0002954,Western,Jeddah,Salhiya
JED-HRR2-SALH-19,2502OSPFI0002964,Western,Jeddah,Salhiya
JED-HRR2-SALH-11,2502OSPFI0002965,Western,Jeddah,Salhiya
JED-FRDS-MANA-05,2502OSPFI0002978,Western,Jeddah,MANA
JED-FRDS-MANA-06,2502OSPFI0002979,Western,Jeddah,MANA
JED-FRDS-MANA-07,2502OSPFI0002980,Western,Jeddah,MANA
JED-FRDS-MANA-08,2502OSPFI0002981,Western,Jeddah,MANA
JED-FRDS-MANA-09,2502OSPFI0002982,Western,Jeddah,MANA
JED-FRDS-MANA-10,2502OSPFI0002983,Western,Jeddah,MANA
JED-FRDS-MANA-16,2502OSPFI0002984,Western,Jeddah,MANA
JED-FRDS-MANA-18,2502OSPFI0002985,Western,Jeddah,MANA
JED-FRDS-MANA-19,2502OSPFI0002986,Western,Jeddah,MANA
JED-FRDS-MANA-20,2502OSPFI0002987,Western,Jeddah,MANA
JED-FRDS-MANA-21,2502OSPFI0002988,Western,Jeddah,MANA
JED-FRDS-MANA-22,2502OSPFI0002989,Western,Jeddah,MANA
JED-FRDS-MANA-F1,2502OSPFI0002990,Western,Jeddah,MANA
JED-HRR2-RIYA-24,2502OSPFI0002991,Western,Jeddah,Riyadh
JED-HRR2-RIYA-25,2502OSPFI0002992,Western,Jeddah,Riyadh
JED-HRR2-RIYA-26,2502OSPFI0002993,Western,Jeddah,Riyadh
JED-HRR2-RIYA-27,2502OSPFI0002994,Western,Jeddah,Riyadh
JED-HRR2-RIYA-29,2502OSPFI0002995,Western,Jeddah,Riyadh
JED-HRR2-RIYA-34,2502OSPFI0002996,Western,Jeddah,Riyadh
JED-HRR2-RIYA-35,2502OSPFI0002997,Western,Jeddah,Riyadh
JED-HRR2-RIYA-36,2502OSPFI0002998,Western,Jeddah,Riyadh
JED-HRR2-RIYA-37,2502OSPFI0002999,Western,Jeddah,Riyadh
JED-HRR2-RIYA-38,2502OSPFI0003000,Western,Jeddah,Riyadh
JED-HRR2-RIYA-39,2502OSPFI0003001,Western,Jeddah,Riyadh
JED-HRR2-RIYA-41,2502OSPFI0003002,Western,Jeddah,Riyadh
JED-HRR2-RIYA-42,2502OSPFI0003003,Western,Jeddah,Riyadh
JED-HRR2-RIYA-43,2502OSPFI0003004,Western,Jeddah,Riyadh
JED-HRR2-RIYA-44,2502OSPFI0003005,Western,Jeddah,Riyadh
JED-HRR2-RIYA-45,2502OSPFI0003006,Western,Jeddah,Riyadh
JED-HRR2-RIYA-46,2502OSPFI0003007,Western,Jeddah,Riyadh
JED-HRR2-RIYA-47,2502OSPFI0003008,Western,Jeddah,Riyadh
JED-HRR2-RIYA-50,2502OSPFI0003009,Western,Jeddah,Riyadh
JED-HRR2-RIYA-52,2502OSPFI0003010,Western,Jeddah,Riyadh
JED-HRR2-RIYA-53,2502OSPFI0003011,Western,Jeddah,Riyadh
JED-HRR2-RIYA-54,2502OSPFI0003012,Western,Jeddah,Riyadh
JED-HRR2-RIYA-55,2502OSPFI0003013,Western,Jeddah,Riyadh
JED-HRR2-RIYA-56,2502OSPFI0003014,Western,Jeddah,Riyadh
JED-HRR2-RIYA-F3,2502OSPFI0003015,Western,Jeddah,Riyadh
JED-HRR2-RAHA-18,2502OSPFI0003125,Western,Jeddah,Rahmaniya
TAI-THVT-YASM-01,2502OSPFI0003243,Western,Taif,YASM
TAI-THVT-YASM-02,2502OSPFI0003244,Western,Taif,YASM
JED-FRDS-BUHA-22,2502OSPFI0003263,Western,Jeddah,BUHA
JED-FRDS-BUHA-23,2502OSPFI0003264,Western,Jeddah,BUHA
JED-FRDS-BUHA-24,2502OSPFI0003265,Western,Jeddah,BUHA
JED-FRDS-BUHA-25,2502OSPFI0003266,Western,Jeddah,BUHA
JED-FRDS-BUHA-26,2502OSPFI0003267,Western,Jeddah,BUHA
JED-FRDS-BUHA-27,2502OSPFI0003268,Western,Jeddah,BUHA
JED-FRDS-BUHA-28,2502OSPFI0003269,Western,Jeddah,BUHA
JED-FRDS-BUHA-29,2502OSPFI0003270,Western,Jeddah,BUHA
JED-FRDS-BUHA-30,2502OSPFI0003271,Western,Jeddah,BUHA
JED-FRDS-BUHA-F2,2502OSPFI0003272,Western,Jeddah,BUHA
TAI-THVT-YASM-F1,2502OSPFI0003297,Western,Taif,YASM
TAI-MELI-JUBR-10,2502OSPFI0003298,Western,Taif,JUBR
TAI-MELI-JUFE-01,2502OSPFI0003299,Western,Taif,JUFE
TAI-MELI-JUFE-02,2502OSPFI0003300,Western,Taif,JUFE
TAI-MELI-JUFE-03,2502OSPFI0003301,Western,Taif,JUFE
TAI-MELI-JUFE-04,2502OSPFI0003302,Western,Taif,JUFE
TAI-MELI-JUFE-05,2502OSPFI0003303,Western,Taif,JUFE
TAI-MELI-JUFE-F1,2502OSPFI0003304,Western,Taif,JUFE
TAI-MELI-NASE-03,2502OSPFI0003305,Western,Taif,NASE
JED-HRR2-RIYA-23,2502OSPFI0003337,Western,Jeddah,Riyadh
JED-HRR2-SALH-14,2502OSPFI0003368,Western,Jeddah,Salhiya
JED-SANB -ATTA,2502OSPOF0000407,Western,Jeddah,ATTA
,2502OSPOF0000415,Western,N/A,N/A
SHA-ADAR-DAIR-01,2510OSPCA0002913,Southern,Jizan,DAIR
SAM-SMTH-KHAD-01,2510OSPCA0002914,Southern,Jizan,KHAD
SAM-SMTH-TURS-01,2510OSPCA0002915,Southern,Jizan,TURS
SAM-SMTH-MASO-01,2510OSPCA0002916,Southern,Jizan,MASO
SAM-SMTH-AMUD-01,2510OSPCA0002917,Southern,Jizan,AMUD
SAM-SMTH-MAJA-01,2510OSPCA0002918,Southern,Jizan,MAJA
EDA-AYBN-EDAB-01,2510OSPCI0002891,Southern,Jizan,AL-EDABI
SHU-AZRQ-JORI-01,2510OSPCI0002892,Southern,Jizan,ASH-SHUQAYRI
SHU-AZRQ-SHUQ-01,2510OSPCI0002893,Southern,Jizan,ASH-SHUQAYRI
DAI-ADAR-DAIR-01,2510OSPCI0003072,Southern,Jizan,DAIR
SAM-SMTH-KHAD-01,2510OSPCI0003073,Southern,Jizan,SAMTA
SAM-SMTH-TURS-01,2510OSPCI0003074,Southern,Jizan,SAMTA
SAM-SMTH-MASO-01,2510OSPCI0003075,Southern,Jizan,SAMTA
SAM-SMTH-AMUD-01,2510OSPCI0003076,Southern,Jizan,SAMTA
SAM-SMTH-MAJA-01,2510OSPCI0003077,Southern,Jizan,SAMTA
SHA-ADAR-DAIR-01,2510OSPFA0003070,Southern,Jizan,DAIR
SAM-SMTH-KHAD-01,2510OSPFA0003071,Southern,Jizan,KHAD
SAM-SMTH-TURS-01,2510OSPFA0003072,Southern,Jizan,TURS
SAM-SMTH-MASO-01,2510OSPFA0003073,Southern,Jizan,MASO
SAM-SMTH-AMUD-01,2510OSPFA0003074,Southern,Jizan,AMUD
SAM-SMTH-MAJA-01,2510OSPFA0003075,Southern,Jizan,MAJA
EDA-AYBN-EDAB-01,2510OSPFI0002900,Southern,Jizan,AL-EDABI
SHU-AZRQ-JORI-01,2510OSPFI0002901,Southern,Jizan,ASH-SHUQAYRI
SHU-AZRQ-SHUQ-01,2510OSPFI0002902,Southern,Jizan,ASH-SHUQAYRI
DAI-ADAR-DAIR-01,2510OSPFI0003092,Southern,Jizan,DAIR
SAM-SMTH-KHAD-01,2510OSPFI0003093,Southern,Jizan,SAMTA
SAM-SMTH-TURS-01,2510OSPFI0003094,Southern,Jizan,SAMTA
SAM-SMTH-MASO-01,2510OSPFI0003095,Southern,Jizan,SAMTA
SAM-SMTH-AMUD-01,2510OSPFI0003096,Southern,Jizan,SAMTA
SAM-SMTH-MAJA-01,2510OSPFI0003097,Southern,Jizan,SAMTA
TAI-MELI-FIYS-01,2602OSPCA0000104,Western,Taif,FIYS
TAI-MELI-FIYS-02,2602OSPCA0000105,Western,Taif,FIYS
TAI-QAIM-HASH-08,2602OSPCA0000106,Western,Taif,HASH
TAI-QAIM-HASH-09,2602OSPCA0000107,Western,Taif,HASH
TAI-QAIM-HASH-F4,2602OSPCA0000108,Western,Taif,HASH
TAI-QAIM-QIAA-08,2602OSPCA0000109,Western,Taif,QIAA
TAI-QAIM-QIAA-F2,2602OSPCA0000111,Western,Taif,QIAA
TAI-QRAU-MUAS-01,2602OSPCA0000112,Western,Taif,MUAS
JED-FRDS-MANA-17,2602OSPCA0000117,Western,Jeddah,MANA
JED-HRR2-RIYA-57,2602OSPCA0000118,Western,Jeddah,Riyadh
JED-HRR2-SALH-18,2602OSPCA0000129,Western,Jeddah,Salhiya
MAK-WHD2-QASA-15,2602OSPCA0000131,Western,Makkah,QASA
JED-HRR2-RIYA-23,2602OSPCA0000234,Western,Jeddah,Riyadh
JED-HRR2-RIYA-64,2602OSPCA0000332,Western,Jeddah,Riyadh
TAI-MELI-JUBR-10,2602OSPCA0000352,Western,Taif,JUBR
JED-HRR2-RIYA-70,2602OSPCA0000390,Western,Jeddah,Riyadh
TAI-QAIM-QIAA-11,2602OSPCA0000391,Western,Taif,QIAA
TAI-QAIM-QIAA-08,2602OSPCA0000392,Western,Taif,QIAA
TAI-QAIM-QIAA-10,2602OSPCA0000393,Western,Taif,QIAA
TAI-QAIM-QIAA-09,2602OSPCA0000394,Western,Taif,QIAA
JED-HRR2-RIYA-56,2602OSPCA0000395,Western,Jeddah,Riyadh
JED-HRR2-SALH-08,2602OSPCA0000397,Western,Jeddah,Salhiya
JED-HRR2-RIYA-41,2602OSPCA0000398,Western,Jeddah,Riyadh
JED-HRR2-RIYA-23,2602OSPCA0000399,Western,Jeddah,Riyadh
JED-HRR2-WAFA-80,2602OSPCA0000462,Western,Jeddah,WAFA
JED-HRR2-WAFA-84,2602OSPCA0000463,Western,Jeddah,WAFA
JED-HRR2-WAFA-85,2602OSPCA0000464,Western,Jeddah,WAFA
JED-HRR2-WAFA-86,2602OSPCA0000465,Western,Jeddah,WAFA
JED-HRR2-WAFA-87,2602OSPCA0000466,Western,Jeddah,WAFA
JED-HRR2-WAFA-88,2602OSPCA0000467,Western,Jeddah,WAFA
JED-HRR2-WAFA-89,2602OSPCA0000468,Western,Jeddah,WAFA
JED-HRR2-WAFA-90,2602OSPCA0000469,Western,Jeddah,WAFA
JED-HRR2-WAFA-91,2602OSPCA0000470,Western,Jeddah,WAFA
JED-HRR2-WAFA-92,2602OSPCA0000471,Western,Jeddah,WAFA
JED-HRR2-WAFA-98,2602OSPCA0000472,Western,Jeddah,WAFA
JED-HRR2-WAFA-99,2602OSPCA0000473,Western,Jeddah,WAFA
JED-SANB-IND1-F2,2602OSPCA0000705,Western,Jeddah,IND1
TAI-AYKB::TAI-Z304:01,2602OSPCA0000728,Western,Taif,N/A
TBD,2602OSPCA0000805,Western,Jizan,N/A
HAJ-MAAM::HAJ-SECO:01,2602OSPCA0000806,Western,Makkah,N/A
TBD,2602OSPCA0000807,Western,Jizan,N/A
TBD,2602OSPCA0000808,Western,Jizan,N/A
TBD,2602OSPCA0000809,Western,Jizan,N/A
TBD,2602OSPCA0000810,Western,Jizan,N/A
JED-FRDS-SWAR-14,2602OSPCA0000849,Western,Jeddah,SWAR
JED-FRDS-SWAR-15,2602OSPCA0000850,Western,Jeddah,SWAR
JED-FRDS-SWAR-16,2602OSPCA0000851,Western,Jeddah,SWAR
JED-FRDS-SWAR-17,2602OSPCA0000852,Western,Jeddah,SWAR
JED-FRDS-SWAR-19,2602OSPCA0000853,Western,Jeddah,SWAR
JED-FRDS-SWAR-20,2602OSPCA0000854,Western,Jeddah,SWAR
JED-FRDS-SWAR-21,2602OSPCA0000855,Western,Jeddah,SWAR
JED-FRDS-SWAR-37,2602OSPCA0000856,Western,Jeddah,SWAR
JED-FRDS-SWAR-38,2602OSPCA0000857,Western,Jeddah,SWAR
JED-FRDS-SWAR-43,2602OSPCA0000858,Western,Jeddah,SWAR
JED-FRDS-SWAR-44,2602OSPCA0000859,Western,Jeddah,SWAR
JED-FRDS-SWAR-45,2602OSPCA0000860,Western,Jeddah,SWAR
JED-FRDS-SWAR-49,2602OSPCA0000861,Western,Jeddah,SWAR
JED-FRDS-SWAR-51,2602OSPCA0000862,Western,Jeddah,SWAR
JED-FRDS-SWAR-53,2602OSPCA0000863,Western,Jeddah,SWAR
JED-FRDS-SWAR-54,2602OSPCA0000864,Western,Jeddah,SWAR
JED-FRDS-SWAR-55,2602OSPCA0000865,Western,Jeddah,SWAR
JED-FRDS-SWAR-56,2602OSPCA0000866,Western,Jeddah,SWAR
JED-FRDS-SWAR-58,2602OSPCA0000867,Western,Jeddah,SWAR
JED-FRDS-SWAR-59,2602OSPCA0000868,Western,Jeddah,SWAR
JED-FRDS-SWAR-66,2602OSPCA0000869,Western,Jeddah,SWAR
JED-FRDS-SWAR-69,2602OSPCA0000870,Western,Jeddah,SWAR
JED-SANB-ATTA-04,2602OSPCA0000902,Western,Jeddah,ATTA
JED-SANB-ATTA-05,2602OSPCA0000903,Western,Jeddah,ATTA
JED-SANB-ATTA-06,2602OSPCA0000904,Western,Jeddah,ATTA
JED-SANB-ATTA-07,2602OSPCA0000905,Western,Jeddah,ATTA
JED-SANB-ATTA-08,2602OSPCA0000906,Western,Jeddah,ATTA
JED-SANB-ATTA-09,2602OSPCA0000907,Western,Jeddah,ATTA
JED-SANB-ATTA-10,2602OSPCA0000908,Western,Jeddah,ATTA
JED-SANB-ATTA-11,2602OSPCA0000909,Western,Jeddah,ATTA
JED-SANB-ATTA-12,2602OSPCA0000910,Western,Jeddah,ATTA
JED-SANB-ATTA-13,2602OSPCA0000911,Western,Jeddah,ATTA
JED-SANB-ATTA-F2,2602OSPCA0000912,Western,Jeddah,ATTA
JED-FRDS-ZOMO-51,2602OSPCA0000943,Western,Jeddah,ZOMO
JED-FRDS-ZOMO-52,2602OSPCA0000944,Western,Jeddah,ZOMO
JED-FRDS-ZOMO-53,2602OSPCA0000945,Western,Jeddah,ZOMO
JED-FRDS-ZOMO-54,2602OSPCA0000946,Western,Jeddah,ZOMO
JED-FRDS-ZOMO-56,2602OSPCA0000947,Western,Jeddah,ZOMO
JED-FRDS-ZOMO-57,2602OSPCA0000948,Western,Jeddah,ZOMO
JED-FRDS-ZOMO-58,2602OSPCA0000949,Western,Jeddah,ZOMO
JED-FRDS-ZOMO-59,2602OSPCA0000950,Western,Jeddah,ZOMO
JED-FRDS-ZOMO-60,2602OSPCA0000951,Western,Jeddah,ZOMO
JED-FRDS-ZOMO-62,2602OSPCA0000952,Western,Jeddah,ZOMO
JED-FRDS-ZOMO-63,2602OSPCA0000953,Western,Jeddah,ZOMO
JED-FRDS-ZOMO-64,2602OSPCA0000954,Western,Jeddah,ZOMO
JED-FRDS-ZOMO-65,2602OSPCA0000955,Western,Jeddah,ZOMO
JED-FRDS-ZOMO-66,2602OSPCA0000956,Western,Jeddah,ZOMO
JED-FRDS-ZOMO-67,2602OSPCA0000957,Western,Jeddah,ZOMO
JED-FRDS-ZOMO-F1,2602OSPCA0000958,Western,Jeddah,ZOMO
JED-FRDS-ZOMO-68,2602OSPCA0000959,Western,Jeddah,ZOMO
JED-FRDS-ZOMO-69,2602OSPCA0000960,Western,Jeddah,ZOMO
JED-FRDS-ZOMO-71,2602OSPCA0000961,Western,Jeddah,ZOMO
JED-FRDS-ZOMO-72,2602OSPCA0000962,Western,Jeddah,ZOMO
Muyiah - Taif Airport,2602OSPCD0001226,Western,Taif,Taif Airport
Taif Airport - Sail Al Kabir,2602OSPCD0001227,Western,Taif,Sail Al Kabir
Sail Al Kabir - GDH,2602OSPCD0001228,Western,Taif,Sail Al Kabir
GDH - Dibba,2602OSPCD0001229,Western,Jizan,Dibba
TBD,2602OSPCD0001309,Western,Jizan,N/A
TAI-MELI-FIYS-01,2602OSPCD0001382,Western,Taif,FIYS
TAI-MELI-FIYS-02,2602OSPCD0001383,Western,Taif,FIYS
TAI-QRAU-MUAS-01,2602OSPCD0001384,Western,Taif,MUAS
JED-SANB-ATTA-04,2602OSPCD0001743,Western,Jeddah,ATTA
JED-SANB-ATTA-05,2602OSPCD0001744,Western,Jeddah,ATTA
JED-SANB-ATTA-06,2602OSPCD0001745,Western,Jeddah,ATTA
JED-SANB-ATTA-07,2602OSPCD0001746,Western,Jeddah,ATTA
JED-SANB-ATTA-08,2602OSPCD0001747,Western,Jeddah,ATTA
JED-SANB-ATTA-09,2602OSPCD0001748,Western,Jeddah,ATTA
JED-SANB-ATTA-10,2602OSPCD0001749,Western,Jeddah,ATTA
JED-SANB-ATTA-11,2602OSPCD0001750,Western,Jeddah,ATTA
JED-SANB-ATTA-12,2602OSPCD0001751,Western,Jeddah,ATTA
JED-SANB-ATTA-13,2602OSPCD0001752,Western,Jeddah,ATTA
JED-SANB-ATTA-14,2602OSPCD0001753,Western,Jeddah,ATTA
JED-SANB-ATTA-F2,2602OSPCD0001754,Western,Jeddah,ATTA
TAI-AYKB::TAI-Z304:01,2602OSPCD0001923,Western,Taif,N/A
TBD,2602OSPCD0001925,Western,Jizan,N/A
TBD,2602OSPCD0001926,Western,Jizan,N/A
TBD,2602OSPCD0001928,Western,Jizan,N/A
HAJ-MAAM::HAJ-SECO:01,2602OSPCD0001934,Western,Makkah,N/A
JED-MJHR-JED-DC03-01,2602OSPCD0001935,Western,Jeddah,JED
JED-HRR2-RIYA-49,2602OSPCI0000001,Western,Jeddah,Riyadh
TAI-QAIM-QIAA-10,2602OSPCI0000009,Western,Taif,QIAA
JED-HRR2-SALH-13,2602OSPCI0000010,Western,Jeddah,Salhiya
JED-HRR2-RIYA-59,2602OSPCI0000014,Western,Jeddah,Riyadh
JED-HRR2-SALH-15,2602OSPCI0000015,Western,Jeddah,Salhiya
TAI-MELI-FIYS-01,2602OSPCI0000104,Western,Taif,FIYS
TAI-MELI-FIYS-02,2602OSPCI0000105,Western,Taif,FIYS
TAI-QAIM-HASH-08,2602OSPCI0000106,Western,Taif,HASH
TAI-QAIM-HASH-09,2602OSPCI0000107,Western,Taif,HASH
TAI-QAIM-HASH-F4,2602OSPCI0000108,Western,Taif,HASH
TAI-QAIM-QIAA-08,2602OSPCI0000109,Western,Taif,QIAA
TAI-QAIM-QIAA-F2,2602OSPCI0000111,Western,Taif,QIAA
TAI-QRAU-MUAS-01,2602OSPCI0000112,Western,Taif,MUAS
JED-FRDS-MANA-17,2602OSPCI0000117,Western,Jeddah,MANA
JED-HRR2-RIYA-57,2602OSPCI0000118,Western,Jeddah,Riyadh
JED-HRR2-SALH-18,2602OSPCI0000129,Western,Jeddah,Salhiya
MAK-WHD2-QASA-15,2602OSPCI0000131,Western,Makkah,QASA
JED-HRR2-RIYA-23,2602OSPCI0000234,Western,Jeddah,Riyadh
TAI-QAIM-QIAA-09,2602OSPCI0000261,Western,Taif,QIAA
JED-HRR2-RIYA-28,2602OSPCI0000267,Western,Jeddah,Riyadh
JED-HRR2-RIYA-64,2602OSPCI0000332,Western,Jeddah,Riyadh
TAI-MELI-JUBR-10,2602OSPCI0000352,Western,Taif,JUBR
JED-HRR2-RIYA-70,2602OSPCI0000390,Western,Jeddah,Riyadh
TAI-QAIM-QIAA-11,2602OSPCI0000391,Western,Taif,QIAA
TAI-QAIM-QIAA-08,2602OSPCI0000392,Western,Taif,QIAA
TAI-QAIM-QIAA-10,2602OSPCI0000393,Western,Taif,QIAA
TAI-QAIM-QIAA-09,2602OSPCI0000394,Western,Taif,QIAA
JED-HRR2-RIYA-56,2602OSPCI0000395,Western,Jeddah,Riyadh
JED-HRR2-SALH-08,2602OSPCI0000397,Western,Jeddah,Salhiya
JED-HRR2-RIYA-41,2602OSPCI0000398,Western,Jeddah,Riyadh
JED-HRR2-RIYA-23,2602OSPCI0000399,Western,Jeddah,Riyadh
JED-HRR2-FURO-29,2602OSPCI0000458,Western,Jeddah,FURO
JED-HRR2-WAFA-101,2602OSPCI0000459,Western,Jeddah,WAFA
JED-HRR2-WAFA-137,2602OSPCI0000460,Western,Jeddah,WAFA
JED-HRR2-WAFA-79,2602OSPCI0000461,Western,Jeddah,WAFA
JED-HRR2-WAFA-80,2602OSPCI0000462,Western,Jeddah,WAFA
JED-HRR2-WAFA-84,2602OSPCI0000463,Western,Jeddah,WAFA
JED-HRR2-WAFA-85,2602OSPCI0000464,Western,Jeddah,WAFA
JED-HRR2-WAFA-86,2602OSPCI0000465,Western,Jeddah,WAFA
JED-HRR2-WAFA-87,2602OSPCI0000466,Western,Jeddah,WAFA
JED-HRR2-WAFA-88,2602OSPCI0000467,Western,Jeddah,WAFA
JED-HRR2-WAFA-89,2602OSPCI0000468,Western,Jeddah,WAFA
JED-HRR2-WAFA-90,2602OSPCI0000469,Western,Jeddah,WAFA
JED-HRR2-WAFA-91,2602OSPCI0000470,Western,Jeddah,WAFA
JED-HRR2-WAFA-92,2602OSPCI0000471,Western,Jeddah,WAFA
JED-HRR2-WAFA-98,2602OSPCI0000472,Western,Jeddah,WAFA
JED-HRR2-WAFA-99,2602OSPCI0000473,Western,Jeddah,WAFA
TAI-QRAU-SABA-02,2602OSPCI0000570,Western,Taif,SABA
TAI-QRAU-SABA-03,2602OSPCI0000571,Western,Taif,SABA
TAI-QRAU-SABA-04,2602OSPCI0000572,Western,Taif,SABA
TAI-QRAU-SABA-05,2602OSPCI0000573,Western,Taif,SABA
JED-HRR2-WAFA-160,2602OSPCI0000592,Western,Jeddah,WAFA
JED-HRR2-WAFA-141,2602OSPCI0000593,Western,Jeddah,WAFA
JED-HRR2-WAFA-145,2602OSPCI0000594,Western,Jeddah,WAFA
JED-HRR2-WAFA-173,2602OSPCI0000595,Western,Jeddah,WAFA
JED-HRR2-WAFA-53,2602OSPCI0000597,Western,Jeddah,WAFA
JED-HRR2-WAFA-53,2602OSPCI0000598,Western,Jeddah,WAFA
JED-HRR2-WAFA-170,2602OSPCI0000599,Western,Jeddah,WAFA
JED-HRR2-WAFA-06,2602OSPCI0000600,Western,Jeddah,WAFA
JED-HRR2-WAFA-14,2602OSPCI0000601,Western,Jeddah,WAFA
JED-HRR2-WAFA-22,2602OSPCI0000602,Western,Jeddah,WAFA
JED-HRR2-WAFA-02,2602OSPCI0000603,Western,Jeddah,WAFA
JED-HRR2-WAFA-11,2602OSPCI0000604,Western,Jeddah,WAFA
TAI-MELI-JALL-01,2602OSPCI0000606,Western,Taif,JALL
JED-HRR2-WAFA-54,2602OSPCI0000611,Western,Jeddah,WAFA
JED-HRR2-WAFA-05,2602OSPCI0000630,Western,Jeddah,WAFA
JED-HRR2-WAFA-07,2602OSPCI0000631,Western,Jeddah,WAFA
JED-HRR2-WAFA-09,2602OSPCI0000632,Western,Jeddah,WAFA
JED-HRR2-WAFA-10,2602OSPCI0000633,Western,Jeddah,WAFA
JED-HRR2-WAFA-13,2602OSPCI0000634,Western,Jeddah,WAFA
JED-HRR2-WAFA-15,2602OSPCI0000635,Western,Jeddah,WAFA
JED-HRR2-WAFA-16,2602OSPCI0000636,Western,Jeddah,WAFA
JED-HRR2-WAFA-17,2602OSPCI0000637,Western,Jeddah,WAFA
JED-HRR2-WAFA-18,2602OSPCI0000638,Western,Jeddah,WAFA
JED-HRR2-WAFA-19,2602OSPCI0000639,Western,Jeddah,WAFA
JED-HRR2-WAFA-20,2602OSPCI0000640,Western,Jeddah,WAFA
JED-HRR2-WAFA-23,2602OSPCI0000641,Western,Jeddah,WAFA
JED-HRR2-WAFA-24,2602OSPCI0000642,Western,Jeddah,WAFA
JED-HRR2-WAFA-25,2602OSPCI0000643,Western,Jeddah,WAFA
JED-HRR2-WAFA-27,2602OSPCI0000644,Western,Jeddah,WAFA
JED-HRR2-WAFA-28,2602OSPCI0000645,Western,Jeddah,WAFA
JED-HRR2-WAFA-32,2602OSPCI0000646,Western,Jeddah,WAFA
JED-HRR2-WAFA-42,2602OSPCI0000647,Western,Jeddah,WAFA
JED-HRR2-WAFA-51,2602OSPCI0000648,Western,Jeddah,WAFA
JED-HRR2-WAFA-52,2602OSPCI0000649,Western,Jeddah,WAFA
JED-HRR2-WAFA-57,2602OSPCI0000650,Western,Jeddah,WAFA
JED-HRR2-WAFA-78,2602OSPCI0000651,Western,Jeddah,WAFA
GDH - Dibba,2602OSPCI0000654,Western,Jizan,Dibba
MAD-BAID-JAMI-02,2602OSPCI0000662,Western,Madina,JAMI
JED-SANB-IND1-F2,2602OSPCI0000705,Western,Jeddah,IND1
TAI-AYKB::TAI-Z304:01,2602OSPCI0000728,Western,Taif,N/A
JED-FRDS-SWAR-08,2602OSPCI0000729,Western,Jeddah,SWAR
JED-FRDS-SWAR-25,2602OSPCI0000764,Western,Jeddah,SWAR
JED-FRDS-SWAR-26,2602OSPCI0000765,Western,Jeddah,SWAR
JED-FRDS-SWAR-30,2602OSPCI0000766,Western,Jeddah,SWAR
JED-FRDS-SWAR-34,2602OSPCI0000767,Western,Jeddah,SWAR
JED-FRDS-SWAR-35,2602OSPCI0000768,Western,Jeddah,SWAR
JED-FRDS-SWAR-36,2602OSPCI0000769,Western,Jeddah,SWAR
JED-FRDS-SWAR-71,2602OSPCI0000770,Western,Jeddah,SWAR
JED-FRDS-SWAR-72,2602OSPCI0000771,Western,Jeddah,SWAR
JED-FRDS-SWAR-73,2602OSPCI0000772,Western,Jeddah,SWAR
JED-FRDS-SWAR-74,2602OSPCI0000773,Western,Jeddah,SWAR
JED-FRDS-SWAR-75,2602OSPCI0000774,Western,Jeddah,SWAR
JED-FRDS-SWAR-78,2602OSPCI0000775,Western,Jeddah,SWAR
JED-FRDS-SWAR-80,2602OSPCI0000776,Western,Jeddah,SWAR
JED-FRDS-SWAR-81,2602OSPCI0000777,Western,Jeddah,SWAR
JED-FRDS-SWAR-83,2602OSPCI0000778,Western,Jeddah,SWAR
JED-FRDS-SWAR-F5,2602OSPCI0000779,Western,Jeddah,SWAR
JED-FRDS-AMWA-02,2602OSPCI0000780,Western,Jeddah,AMWA
TBD,2602OSPCI0000781,Western,Jizan,N/A
TBD,2602OSPCI0001938,Western,Jizan,N/A
HAJ-MAAM::HAJ-SECO:01,2602OSPCI0001939,Western,Makkah,N/A
TBD,2602OSPCI0001940,Western,Jizan,N/A
TBD,2602OSPCI0001941,Western,Jizan,N/A
TBD,2602OSPCI0001942,Western,Jizan,N/A
TBD,2602OSPCI0001943,Western,Jizan,N/A
JED-FRDS-SWAR-06,2602OSPCI0001976,Western,Jeddah,SWAR
JED-FRDS-SWAR-07,2602OSPCI0001977,Western,Jeddah,SWAR
JED-FRDS-SWAR-09,2602OSPCI0001978,Western,Jeddah,SWAR
JED-FRDS-SWAR-10,2602OSPCI0001979,Western,Jeddah,SWAR
JED-FRDS-SWAR-11,2602OSPCI0001980,Western,Jeddah,SWAR
JED-FRDS-SWAR-13,2602OSPCI0001981,Western,Jeddah,SWAR
JED-FRDS-SWAR-14,2602OSPCI0001982,Western,Jeddah,SWAR
JED-FRDS-SWAR-15,2602OSPCI0001983,Western,Jeddah,SWAR
JED-FRDS-SWAR-16,2602OSPCI0001984,Western,Jeddah,SWAR
JED-FRDS-SWAR-17,2602OSPCI0001985,Western,Jeddah,SWAR
JED-FRDS-SWAR-19,2602OSPCI0001986,Western,Jeddah,SWAR
JED-FRDS-SWAR-20,2602OSPCI0001987,Western,Jeddah,SWAR
JED-FRDS-SWAR-21,2602OSPCI0001988,Western,Jeddah,SWAR
JED-FRDS-SWAR-37,2602OSPCI0001989,Western,Jeddah,SWAR
JED-FRDS-SWAR-38,2602OSPCI0001990,Western,Jeddah,SWAR
JED-FRDS-SWAR-43,2602OSPCI0001991,Western,Jeddah,SWAR
JED-FRDS-SWAR-44,2602OSPCI0001992,Western,Jeddah,SWAR
JED-FRDS-SWAR-45,2602OSPCI0001993,Western,Jeddah,SWAR
JED-FRDS-SWAR-49,2602OSPCI0001994,Western,Jeddah,SWAR
JED-FRDS-SWAR-51,2602OSPCI0001995,Western,Jeddah,SWAR
JED-FRDS-SWAR-53,2602OSPCI0001996,Western,Jeddah,SWAR
JED-FRDS-SWAR-54,2602OSPCI0001997,Western,Jeddah,SWAR
JED-FRDS-SWAR-55,2602OSPCI0001998,Western,Jeddah,SWAR
JED-FRDS-SWAR-56,2602OSPCI0001999,Western,Jeddah,SWAR
JED-FRDS-SWAR-58,2602OSPCI0002000,Western,Jeddah,SWAR
JED-FRDS-SWAR-59,2602OSPCI0002001,Western,Jeddah,SWAR
JED-FRDS-SWAR-66,2602OSPCI0002002,Western,Jeddah,SWAR
JED-FRDS-SWAR-69,2602OSPCI0002003,Western,Jeddah,SWAR
JED-SANB-ATTA-04,2602OSPCI0002035,Western,Jeddah,ATTA
JED-SANB-ATTA-05,2602OSPCI0002036,Western,Jeddah,ATTA
JED-SANB-ATTA-06,2602OSPCI0002037,Western,Jeddah,ATTA
JED-SANB-ATTA-07,2602OSPCI0002038,Western,Jeddah,ATTA
JED-SANB-ATTA-08,2602OSPCI0002039,Western,Jeddah,ATTA
JED-SANB-ATTA-09,2602OSPCI0002040,Western,Jeddah,ATTA
JED-SANB-ATTA-10,2602OSPCI0002041,Western,Jeddah,ATTA
JED-SANB-ATTA-11,2602OSPCI0002042,Western,Jeddah,ATTA
JED-SANB-ATTA-12,2602OSPCI0002043,Western,Jeddah,ATTA
JED-SANB-ATTA-13,2602OSPCI0002044,Western,Jeddah,ATTA
JED-SANB-ATTA-F2,2602OSPCI0002045,Western,Jeddah,ATTA
JED-FRDS-ZOMO-51,2602OSPCI0002076,Western,Jeddah,ZOMO
JED-FRDS-ZOMO-52,2602OSPCI0002077,Western,Jeddah,ZOMO
JED-FRDS-ZOMO-53,2602OSPCI0002078,Western,Jeddah,ZOMO
JED-FRDS-ZOMO-54,2602OSPCI0002079,Western,Jeddah,ZOMO
JED-FRDS-ZOMO-56,2602OSPCI0002080,Western,Jeddah,ZOMO
JED-FRDS-ZOMO-57,2602OSPCI0002081,Western,Jeddah,ZOMO
JED-FRDS-ZOMO-58,2602OSPCI0002082,Western,Jeddah,ZOMO
JED-FRDS-ZOMO-59,2602OSPCI0002083,Western,Jeddah,ZOMO
JED-FRDS-ZOMO-60,2602OSPCI0002084,Western,Jeddah,ZOMO
JED-FRDS-ZOMO-62,2602OSPCI0002085,Western,Jeddah,ZOMO
JED-FRDS-ZOMO-63,2602OSPCI0002086,Western,Jeddah,ZOMO
JED-FRDS-ZOMO-64,2602OSPCI0002087,Western,Jeddah,ZOMO
JED-FRDS-ZOMO-65,2602OSPCI0002088,Western,Jeddah,ZOMO
JED-FRDS-ZOMO-66,2602OSPCI0002089,Western,Jeddah,ZOMO
JED-FRDS-ZOMO-67,2602OSPCI0002090,Western,Jeddah,ZOMO
JED-FRDS-ZOMO-F1,2602OSPCI0002091,Western,Jeddah,ZOMO
JED-FRDS-ZOMO-68,2602OSPCI0002092,Western,Jeddah,ZOMO
JED-FRDS-ZOMO-69,2602OSPCI0002093,Western,Jeddah,ZOMO
JED-FRDS-ZOMO-71,2602OSPCI0002094,Western,Jeddah,ZOMO
JED-FRDS-ZOMO-72,2602OSPCI0002095,Western,Jeddah,ZOMO
JED-FRDS-SWAR-83,2602OSPCI0002096,Western,Jeddah,SWAR
JED-FRDS-AMWA-06,2602OSPCI0002097,Western,Jeddah,AMWA
JED-FRDS-AMWA-08,2602OSPCI0002098,Western,Jeddah,AMWA
JED-FRDS-AMWA-09,2602OSPCI0002099,Western,Jeddah,AMWA
JED-FRDS-AMWA-04,2602OSPCI0002100,Western,Jeddah,AMWA
JED-FRDS-AMWA-10,2602OSPCI0002101,Western,Jeddah,AMWA
JED-FRDS-AMWA-12,2602OSPCI0002102,Western,Jeddah,AMWA
JED-FRDS-AMWA-13,2602OSPCI0002103,Western,Jeddah,AMWA
JED-FRDS-AMWA-14,2602OSPCI0002104,Western,Jeddah,AMWA
JED-FRDS-AMWA-17,2602OSPCI0002105,Western,Jeddah,AMWA
JED-FRDS-SWAR-F4,2602OSPCI0002106,Western,Jeddah,SWAR
JED-FRDS-MANA-04,2602OSPCI0002107,Western,Jeddah,MANA
TAI-MELI-FIYS-01,2602OSPFA0000106,Western,Taif,FIYS
TAI-MELI-FIYS-02,2602OSPFA0000107,Western,Taif,FIYS
TAI-QAIM-HASH-08,2602OSPFA0000108,Western,Taif,HASH
TAI-QAIM-HASH-09,2602OSPFA0000109,Western,Taif,HASH
TAI-QAIM-HASH-F4,2602OSPFA0000110,Western,Taif,HASH
TAI-QAIM-QIAA-08,2602OSPFA0000111,Western,Taif,QIAA
TAI-QAIM-QIAA-F2,2602OSPFA0000113,Western,Taif,QIAA
TAI-QRAU-MUAS-01,2602OSPFA0000121,Western,Taif,MUAS
JED-FRDS-MANA-17,2602OSPFA0000126,Western,Jeddah,MANA
JED-HRR2-RIYA-57,2602OSPFA0000127,Western,Jeddah,Riyadh
JED-HRR2-SALH-18,2602OSPFA0000143,Western,Jeddah,Salhiya
MAK-WHD2-QASA-15,2602OSPFA0000145,Western,Makkah,QASA
JED-HRR2-RIYA-23,2602OSPFA0000271,Western,Jeddah,Riyadh
JED-HRR2-RIYA-64,2602OSPFA0000382,Western,Jeddah,Riyadh
TAI-MELI-JUBR-10,2602OSPFA0000402,Western,Taif,JUBR
JED-HRR2-TEEB-11,2602OSPFA0000405,Western,Jeddah,TEEB
JED-HRR2-RIYA-70,2602OSPFA0000440,Western,Jeddah,Riyadh
TAI-QAIM-QIAA-11,2602OSPFA0000441,Western,Taif,QIAA
TAI-QAIM-QIAA-08,2602OSPFA0000442,Western,Taif,QIAA
TAI-QAIM-QIAA-10,2602OSPFA0000443,Western,Taif,QIAA
TAI-QAIM-QIAA-09,2602OSPFA0000444,Western,Taif,QIAA
JED-HRR2-RIYA-56,2602OSPFA0000445,Western,Jeddah,Riyadh
TAI-MELI-FIYS-01,2602OSPFA0000446,Western,Taif,FIYS
JED-HRR2-SALH-08,2602OSPFA0000447,Western,Jeddah,Salhiya
JED-HRR2-RIYA-41,2602OSPFA0000448,Western,Jeddah,Riyadh
JED-HRR2-RIYA-23,2602OSPFA0000449,Western,Jeddah,Riyadh
TAI-MELI-JUFE-04,2602OSPFA0000450,Western,Taif,JUFE
JED-HRR2-WAFA-80,2602OSPFA0000511,Western,Jeddah,WAFA
JED-HRR2-WAFA-84,2602OSPFA0000512,Western,Jeddah,WAFA
JED-HRR2-WAFA-85,2602OSPFA0000513,Western,Jeddah,WAFA
JED-HRR2-WAFA-86,2602OSPFA0000514,Western,Jeddah,WAFA
JED-HRR2-WAFA-87,2602OSPFA0000515,Western,Jeddah,WAFA
JED-HRR2-WAFA-88,2602OSPFA0000516,Western,Jeddah,WAFA
JED-HRR2-WAFA-89,2602OSPFA0000517,Western,Jeddah,WAFA
JED-HRR2-WAFA-90,2602OSPFA0000518,Western,Jeddah,WAFA
JED-HRR2-WAFA-91,2602OSPFA0000519,Western,Jeddah,WAFA
JED-HRR2-WAFA-92,2602OSPFA0000520,Western,Jeddah,WAFA
JED-HRR2-WAFA-98,2602OSPFA0000521,Western,Jeddah,WAFA
JED-HRR2-WAFA-99,2602OSPFA0000522,Western,Jeddah,WAFA
JED-FRDS-SWAR-04,2602OSPFA0000729,Western,Jeddah,SWAR
JED-FRDS-SWAR-05,2602OSPFA0000730,Western,Jeddah,SWAR
JED-SANB-IND1-01,2602OSPFA0000767,Western,Jeddah,IND1
JED-SANB-IND1-F2,2602OSPFA0000768,Western,Jeddah,IND1
TAI-AYKB::TAI-Z304:01,2602OSPFA0000788,Western,Taif,N/A
TBD,2602OSPFA0000878,Western,Jizan,N/A
HAJ-MAAM::HAJ-SECO:01,2602OSPFA0000879,Western,Makkah,N/A
TBD,2602OSPFA0000880,Western,Jizan,N/A
TBD,2602OSPFA0000881,Western,Jizan,N/A
TBD,2602OSPFA0000882,Western,Jizan,N/A
TBD,2602OSPFA0000883,Western,Jizan,N/A
JED-FRDS-SWAR-14,2602OSPFA0000922,Western,Jeddah,SWAR
JED-FRDS-SWAR-15,2602OSPFA0000923,Western,Jeddah,SWAR
JED-FRDS-SWAR-16,2602OSPFA0000924,Western,Jeddah,SWAR
JED-FRDS-SWAR-17,2602OSPFA0000925,Western,Jeddah,SWAR
JED-FRDS-SWAR-19,2602OSPFA0000926,Western,Jeddah,SWAR
JED-FRDS-SWAR-20,2602OSPFA0000927,Western,Jeddah,SWAR
JED-FRDS-SWAR-21,2602OSPFA0000928,Western,Jeddah,SWAR
JED-FRDS-SWAR-37,2602OSPFA0000929,Western,Jeddah,SWAR
JED-FRDS-SWAR-38,2602OSPFA0000930,Western,Jeddah,SWAR
JED-FRDS-SWAR-43,2602OSPFA0000931,Western,Jeddah,SWAR
JED-FRDS-SWAR-44,2602OSPFA0000932,Western,Jeddah,SWAR
JED-FRDS-SWAR-45,2602OSPFA0000933,Western,Jeddah,SWAR
JED-FRDS-SWAR-49,2602OSPFA0000934,Western,Jeddah,SWAR
JED-FRDS-SWAR-51,2602OSPFA0000935,Western,Jeddah,SWAR
JED-FRDS-SWAR-53,2602OSPFA0000936,Western,Jeddah,SWAR
JED-FRDS-SWAR-54,2602OSPFA0000937,Western,Jeddah,SWAR
JED-FRDS-SWAR-55,2602OSPFA0000938,Western,Jeddah,SWAR
JED-FRDS-SWAR-56,2602OSPFA0000939,Western,Jeddah,SWAR
JED-FRDS-SWAR-58,2602OSPFA0000940,Western,Jeddah,SWAR
JED-FRDS-SWAR-59,2602OSPFA0000941,Western,Jeddah,SWAR
JED-FRDS-SWAR-66,2602OSPFA0000942,Western,Jeddah,SWAR
JED-FRDS-SWAR-69,2602OSPFA0000943,Western,Jeddah,SWAR
JED-SANB-ATTA-04,2602OSPFA0000977,Western,Jeddah,ATTA
JED-SANB-ATTA-05,2602OSPFA0000978,Western,Jeddah,ATTA
JED-SANB-ATTA-06,2602OSPFA0000979,Western,Jeddah,ATTA
JED-SANB-ATTA-07,2602OSPFA0000980,Western,Jeddah,ATTA
JED-SANB-ATTA-08,2602OSPFA0000981,Western,Jeddah,ATTA
JED-SANB-ATTA-09,2602OSPFA0000982,Western,Jeddah,ATTA
JED-SANB-ATTA-10,2602OSPFA0000983,Western,Jeddah,ATTA
JED-SANB-ATTA-11,2602OSPFA0000984,Western,Jeddah,ATTA
JED-SANB-ATTA-12,2602OSPFA0000985,Western,Jeddah,ATTA
JED-SANB-ATTA-13,2602OSPFA0000986,Western,Jeddah,ATTA
JED-SANB-ATTA-F2,2602OSPFA0000987,Western,Jeddah,ATTA
JED-FRDS-ZOMO-51,2602OSPFA0001018,Western,Jeddah,ZOMO
JED-FRDS-ZOMO-52,2602OSPFA0001019,Western,Jeddah,ZOMO
JED-FRDS-ZOMO-53,2602OSPFA0001020,Western,Jeddah,ZOMO
JED-FRDS-ZOMO-54,2602OSPFA0001021,Western,Jeddah,ZOMO
JED-FRDS-ZOMO-56,2602OSPFA0001022,Western,Jeddah,ZOMO
JED-FRDS-ZOMO-57,2602OSPFA0001023,Western,Jeddah,ZOMO
JED-FRDS-ZOMO-58,2602OSPFA0001024,Western,Jeddah,ZOMO
JED-FRDS-ZOMO-59,2602OSPFA0001025,Western,Jeddah,ZOMO
JED-FRDS-ZOMO-60,2602OSPFA0001026,Western,Jeddah,ZOMO
JED-FRDS-ZOMO-62,2602OSPFA0001027,Western,Jeddah,ZOMO
JED-FRDS-ZOMO-63,2602OSPFA0001028,Western,Jeddah,ZOMO
JED-FRDS-ZOMO-64,2602OSPFA0001029,Western,Jeddah,ZOMO
JED-FRDS-ZOMO-65,2602OSPFA0001030,Western,Jeddah,ZOMO
JED-FRDS-ZOMO-66,2602OSPFA0001031,Western,Jeddah,ZOMO
JED-FRDS-ZOMO-67,2602OSPFA0001032,Western,Jeddah,ZOMO
JED-FRDS-ZOMO-F1,2602OSPFA0001033,Western,Jeddah,ZOMO
JED-FRDS-ZOMO-68,2602OSPFA0001034,Western,Jeddah,ZOMO
JED-FRDS-ZOMO-69,2602OSPFA0001035,Western,Jeddah,ZOMO
JED-FRDS-ZOMO-71,2602OSPFA0001036,Western,Jeddah,ZOMO
JED-FRDS-ZOMO-72,2602OSPFA0001037,Western,Jeddah,ZOMO
Muyiah - Taif Airport ,2602OSPFD0001259,Western,Taif,Taif Airport
Taif Airport - Sail Al Kabir,2602OSPFD0001260,Western,Taif,Sail Al Kabir
Sail Al Kabir - GDH Main,2602OSPFD0001261,Western,Taif,Sail Al Kabir
GDH - Dibba,2602OSPFD0001262,Western,Jizan,Dibba
TBD,2602OSPFD0001343,Western,Jizan,N/A
TAI-MELI-FIYS-01,2602OSPFD0001417,Western,Taif,FIYS
TAI-MELI-FIYS-02,2602OSPFD0001418,Western,Taif,FIYS
TAI-QRAU-MUAS-01,2602OSPFD0001419,Western,Taif,MUAS
JED-SANB-ATTA-04,2602OSPFD0001781,Western,Jeddah,ATTA
JED-SANB-ATTA-05,2602OSPFD0001782,Western,Jeddah,ATTA
JED-SANB-ATTA-06,2602OSPFD0001783,Western,Jeddah,ATTA
JED-SANB-ATTA-07,2602OSPFD0001784,Western,Jeddah,ATTA
JED-SANB-ATTA-08,2602OSPFD0001785,Western,Jeddah,ATTA
JED-SANB-ATTA-09,2602OSPFD0001786,Western,Jeddah,ATTA
JED-SANB-ATTA-10,2602OSPFD0001787,Western,Jeddah,ATTA
JED-SANB-ATTA-11,2602OSPFD0001788,Western,Jeddah,ATTA
JED-SANB-ATTA-12,2602OSPFD0001789,Western,Jeddah,ATTA
JED-SANB-ATTA-13,2602OSPFD0001790,Western,Jeddah,ATTA
JED-SANB-ATTA-14,2602OSPFD0001791,Western,Jeddah,ATTA
JED-SANB-ATTA-F2,2602OSPFD0001792,Western,Jeddah,ATTA
TAI-AYKB::TAI-Z304:01,2602OSPFD0001961,Western,Taif,N/A
TBD,2602OSPFD0001964,Western,Jizan,N/A
TBD,2602OSPFD0001965,Western,Jizan,N/A
TBD,2602OSPFD0001966,Western,Jizan,N/A
HAJ-MAAM::HAJ-SECO:01,2602OSPFD0001972,Western,Makkah,N/A
JED-MJHR-JED-DC03-01,2602OSPFD0001973,Western,Jeddah,JED
JED-HRR2-RIYA-49,2602OSPFI0000001,Western,Jeddah,Riyadh
TAI-QAIM-QIAA-10,2602OSPFI0000009,Western,Taif,QIAA
JED-HRR2-SALH-13,2602OSPFI0000010,Western,Jeddah,Salhiya
JED-HRR2-RIYA-59,2602OSPFI0000015,Western,Jeddah,Riyadh
JED-HRR2-SALH-15,2602OSPFI0000016,Western,Jeddah,Salhiya
TAI-MELI-FIYS-01,2602OSPFI0000106,Western,Taif,FIYS
TAI-MELI-FIYS-02,2602OSPFI0000107,Western,Taif,FIYS
TAI-QAIM-HASH-08,2602OSPFI0000108,Western,Taif,HASH
TAI-QAIM-HASH-09,2602OSPFI0000109,Western,Taif,HASH
TAI-QAIM-HASH-F4,2602OSPFI0000110,Western,Taif,HASH
TAI-QAIM-QIAA-08,2602OSPFI0000111,Western,Taif,QIAA
TAI-QAIM-QIAA-F2,2602OSPFI0000113,Western,Taif,QIAA
TAI-QRAU-MUAS-01,2602OSPFI0000121,Western,Taif,MUAS
JED-FRDS-MANA-17,2602OSPFI0000126,Western,Jeddah,MANA
JED-HRR2-RIYA-57,2602OSPFI0000127,Western,Jeddah,Riyadh
JED-HRR2-SALH-18,2602OSPFI0000143,Western,Jeddah,Salhiya
MAK-WHD2-QASA-15,2602OSPFI0000145,Western,Makkah,QASA
JED-HRR2-RIYA-23,2602OSPFI0000271,Western,Jeddah,Riyadh
TAI-QAIM-QIAA-09,2602OSPFI0000303,Western,Taif,QIAA
JED-HRR2-RIYA-28,2602OSPFI0000306,Western,Jeddah,Riyadh
JED-HRR2-RIYA-64,2602OSPFI0000382,Western,Jeddah,Riyadh
TAI-MELI-JUBR-10,2602OSPFI0000402,Western,Taif,JUBR
JED-HRR2-TEEB-11,2602OSPFI0000405,Western,Jeddah,TEEB
JED-HRR2-RIYA-70,2602OSPFI0000440,Western,Jeddah,Riyadh
TAI-QAIM-QIAA-11,2602OSPFI0000441,Western,Taif,QIAA
TAI-QAIM-QIAA-08,2602OSPFI0000442,Western,Taif,QIAA
TAI-QAIM-QIAA-10,2602OSPFI0000443,Western,Taif,QIAA
TAI-QAIM-QIAA-09,2602OSPFI0000444,Western,Taif,QIAA
JED-HRR2-RIYA-56,2602OSPFI0000445,Western,Jeddah,Riyadh
TAI-MELI-FIYS-01,2602OSPFI0000446,Western,Taif,FIYS
JED-HRR2-SALH-08,2602OSPFI0000447,Western,Jeddah,Salhiya
JED-HRR2-RIYA-41,2602OSPFI0000448,Western,Jeddah,Riyadh
JED-HRR2-RIYA-23,2602OSPFI0000449,Western,Jeddah,Riyadh
TAI-MELI-JUFE-04,2602OSPFI0000450,Western,Taif,JUFE
JED-HRR2-FURO-29,2602OSPFI0000507,Western,Jeddah,FURO
JED-HRR2-WAFA-101,2602OSPFI0000508,Western,Jeddah,WAFA
JED-HRR2-WAFA-137,2602OSPFI0000509,Western,Jeddah,WAFA
JED-HRR2-WAFA-79,2602OSPFI0000510,Western,Jeddah,WAFA
JED-HRR2-WAFA-80,2602OSPFI0000511,Western,Jeddah,WAFA
JED-HRR2-WAFA-84,2602OSPFI0000512,Western,Jeddah,WAFA
JED-HRR2-WAFA-85,2602OSPFI0000513,Western,Jeddah,WAFA
JED-HRR2-WAFA-86,2602OSPFI0000514,Western,Jeddah,WAFA
JED-HRR2-WAFA-87,2602OSPFI0000515,Western,Jeddah,WAFA
JED-HRR2-WAFA-88,2602OSPFI0000516,Western,Jeddah,WAFA
JED-HRR2-WAFA-89,2602OSPFI0000517,Western,Jeddah,WAFA
JED-HRR2-WAFA-90,2602OSPFI0000518,Western,Jeddah,WAFA
JED-HRR2-WAFA-91,2602OSPFI0000519,Western,Jeddah,WAFA
JED-HRR2-WAFA-92,2602OSPFI0000520,Western,Jeddah,WAFA
JED-HRR2-WAFA-98,2602OSPFI0000521,Western,Jeddah,WAFA
JED-HRR2-WAFA-99,2602OSPFI0000522,Western,Jeddah,WAFA
TAI-QRAU-SABA-02,2602OSPFI0000623,Western,Taif,SABA
TAI-QRAU-SABA-03,2602OSPFI0000624,Western,Taif,SABA
TAI-QRAU-SABA-04,2602OSPFI0000625,Western,Taif,SABA
TAI-QRAU-SABA-05,2602OSPFI0000626,Western,Taif,SABA
JED-HRR2-WAFA-160,2602OSPFI0000645,Western,Jeddah,WAFA
JED-HRR2-WAFA-141,2602OSPFI0000646,Western,Jeddah,WAFA
JED-HRR2-WAFA-145,2602OSPFI0000647,Western,Jeddah,WAFA
JED-HRR2-WAFA-173,2602OSPFI0000648,Western,Jeddah,WAFA
JED-HRR2-WAFA-53,2602OSPFI0000650,Western,Jeddah,WAFA
JED-HRR2-WAFA-170,2602OSPFI0000651,Western,Jeddah,WAFA
JED-HRR2-WAFA-06,2602OSPFI0000652,Western,Jeddah,WAFA
JED-HRR2-WAFA-14,2602OSPFI0000653,Western,Jeddah,WAFA
JED-HRR2-WAFA-22,2602OSPFI0000654,Western,Jeddah,WAFA
JED-HRR2-WAFA-02,2602OSPFI0000655,Western,Jeddah,WAFA
JED-HRR2-WAFA-11,2602OSPFI0000656,Western,Jeddah,WAFA
TAI-MELI-JALL-01,2602OSPFI0000658,Western,Taif,JALL
JED-HRR2-WAFA-54,2602OSPFI0000663,Western,Jeddah,WAFA
JED-HRR2-WAFA-05,2602OSPFI0000682,Western,Jeddah,WAFA
JED-HRR2-WAFA-07,2602OSPFI0000683,Western,Jeddah,WAFA
JED-HRR2-WAFA-09,2602OSPFI0000684,Western,Jeddah,WAFA
JED-HRR2-WAFA-10,2602OSPFI0000685,Western,Jeddah,WAFA
JED-HRR2-WAFA-13,2602OSPFI0000686,Western,Jeddah,WAFA
JED-HRR2-WAFA-15,2602OSPFI0000687,Western,Jeddah,WAFA
JED-HRR2-WAFA-17,2602OSPFI0000688,Western,Jeddah,WAFA
JED-HRR2-WAFA-18,2602OSPFI0000689,Western,Jeddah,WAFA
JED-HRR2-WAFA-19,2602OSPFI0000690,Western,Jeddah,WAFA
JED-HRR2-WAFA-20,2602OSPFI0000691,Western,Jeddah,WAFA
JED-HRR2-WAFA-23,2602OSPFI0000692,Western,Jeddah,WAFA
JED-HRR2-WAFA-24,2602OSPFI0000693,Western,Jeddah,WAFA
JED-HRR2-WAFA-25,2602OSPFI0000694,Western,Jeddah,WAFA
JED-HRR2-WAFA-27,2602OSPFI0000695,Western,Jeddah,WAFA
JED-HRR2-WAFA-28,2602OSPFI0000696,Western,Jeddah,WAFA
JED-HRR2-WAFA-32,2602OSPFI0000697,Western,Jeddah,WAFA
JED-HRR2-WAFA-42,2602OSPFI0000698,Western,Jeddah,WAFA
JED-HRR2-WAFA-51,2602OSPFI0000699,Western,Jeddah,WAFA
JED-HRR2-WAFA-52,2602OSPFI0000700,Western,Jeddah,WAFA
JED-HRR2-WAFA-57,2602OSPFI0000701,Western,Jeddah,WAFA
JED-HRR2-WAFA-78,2602OSPFI0000702,Western,Jeddah,WAFA
GDH - Dibba,2602OSPFI0000706,Western,Jizan,Dibba
JED-FRDS-SWAR-04,2602OSPFI0000729,Western,Jeddah,SWAR
JED-FRDS-SWAR-05,2602OSPFI0000730,Western,Jeddah,SWAR
JED-SANB-IND1-01,2602OSPFI0000767,Western,Jeddah,IND1
JED-SANB-IND1-F2,2602OSPFI0000768,Western,Jeddah,IND1
TAI-AYKB::TAI-Z304:01,2602OSPFI0000788,Western,Taif,N/A
JED-FRDS-SWAR-08,2602OSPFI0000789,Western,Jeddah,SWAR
JED-FRDS-SWAR-25,2602OSPFI0000823,Western,Jeddah,SWAR
JED-FRDS-SWAR-26,2602OSPFI0000824,Western,Jeddah,SWAR
JED-FRDS-SWAR-30,2602OSPFI0000825,Western,Jeddah,SWAR
JED-FRDS-SWAR-34,2602OSPFI0000826,Western,Jeddah,SWAR
JED-FRDS-SWAR-35,2602OSPFI0000827,Western,Jeddah,SWAR
JED-FRDS-SWAR-36,2602OSPFI0000828,Western,Jeddah,SWAR
JED-FRDS-SWAR-71,2602OSPFI0000829,Western,Jeddah,SWAR
JED-FRDS-SWAR-72,2602OSPFI0000830,Western,Jeddah,SWAR
JED-FRDS-SWAR-73,2602OSPFI0000831,Western,Jeddah,SWAR
JED-FRDS-SWAR-74,2602OSPFI0000832,Western,Jeddah,SWAR
JED-FRDS-SWAR-75,2602OSPFI0000833,Western,Jeddah,SWAR
JED-FRDS-SWAR-78,2602OSPFI0000834,Western,Jeddah,SWAR
JED-FRDS-SWAR-80,2602OSPFI0000835,Western,Jeddah,SWAR
JED-FRDS-SWAR-81,2602OSPFI0000836,Western,Jeddah,SWAR
JED-FRDS-SWAR-83,2602OSPFI0000837,Western,Jeddah,SWAR
JED-FRDS-SWAR-F5,2602OSPFI0000838,Western,Jeddah,SWAR
JED-FRDS-AMWA-02,2602OSPFI0000839,Western,Jeddah,AMWA
TBD,2602OSPFI0000840,Western,Jizan,N/A
MAD-BIAL-UMKH-17,2602OSPFI0000853,Western,Madina,UMKH
TBD,2602OSPFI0000878,Western,Jizan,N/A
HAJ-MAAM::HAJ-SECO:01,2602OSPFI0000879,Western,Makkah,N/A
TBD,2602OSPFI0000880,Western,Jizan,N/A
TBD,2602OSPFI0000881,Western,Jizan,N/A
TBD,2602OSPFI0000882,Western,Jizan,N/A
TBD,2602OSPFI0000883,Western,Jizan,N/A
MAD-SHOR-ASAD-07,2602OSPFI0000899,Western,Madina,ASAD
JED-FRDS-SWAR-06,2602OSPFI0000916,Western,Jeddah,SWAR
JED-FRDS-SWAR-07,2602OSPFI0000917,Western,Jeddah,SWAR
JED-FRDS-SWAR-09,2602OSPFI0000918,Western,Jeddah,SWAR
JED-FRDS-SWAR-10,2602OSPFI0000919,Western,Jeddah,SWAR
JED-FRDS-SWAR-11,2602OSPFI0000920,Western,Jeddah,SWAR
JED-FRDS-SWAR-13,2602OSPFI0000921,Western,Jeddah,SWAR
JED-FRDS-SWAR-14,2602OSPFI0000922,Western,Jeddah,SWAR
JED-FRDS-SWAR-15,2602OSPFI0000923,Western,Jeddah,SWAR
JED-FRDS-SWAR-16,2602OSPFI0000924,Western,Jeddah,SWAR
JED-FRDS-SWAR-17,2602OSPFI0000925,Western,Jeddah,SWAR
JED-FRDS-SWAR-19,2602OSPFI0000926,Western,Jeddah,SWAR
JED-FRDS-SWAR-20,2602OSPFI0000927,Western,Jeddah,SWAR
JED-FRDS-SWAR-21,2602OSPFI0000928,Western,Jeddah,SWAR
JED-FRDS-SWAR-37,2602OSPFI0000929,Western,Jeddah,SWAR
JED-FRDS-SWAR-38,2602OSPFI0000930,Western,Jeddah,SWAR
JED-FRDS-SWAR-43,2602OSPFI0000931,Western,Jeddah,SWAR
JED-FRDS-SWAR-44,2602OSPFI0000932,Western,Jeddah,SWAR
JED-FRDS-SWAR-45,2602OSPFI0000933,Western,Jeddah,SWAR
JED-FRDS-SWAR-49,2602OSPFI0000934,Western,Jeddah,SWAR
JED-FRDS-SWAR-51,2602OSPFI0000935,Western,Jeddah,SWAR
JED-FRDS-SWAR-53,2602OSPFI0000936,Western,Jeddah,SWAR
JED-FRDS-SWAR-54,2602OSPFI0000937,Western,Jeddah,SWAR
JED-FRDS-SWAR-55,2602OSPFI0000938,Western,Jeddah,SWAR
JED-FRDS-SWAR-56,2602OSPFI0000939,Western,Jeddah,SWAR
JED-FRDS-SWAR-58,2602OSPFI0000940,Western,Jeddah,SWAR
JED-FRDS-SWAR-59,2602OSPFI0000941,Western,Jeddah,SWAR
JED-FRDS-SWAR-66,2602OSPFI0000942,Western,Jeddah,SWAR
JED-FRDS-SWAR-69,2602OSPFI0000943,Western,Jeddah,SWAR
JED-SANB-ATTA-04,2602OSPFI0000977,Western,Jeddah,ATTA
JED-SANB-ATTA-05,2602OSPFI0000978,Western,Jeddah,ATTA
JED-SANB-ATTA-06,2602OSPFI0000979,Western,Jeddah,ATTA
JED-SANB-ATTA-07,2602OSPFI0000980,Western,Jeddah,ATTA
JED-SANB-ATTA-08,2602OSPFI0000981,Western,Jeddah,ATTA
JED-SANB-ATTA-09,2602OSPFI0000982,Western,Jeddah,ATTA
JED-SANB-ATTA-10,2602OSPFI0000983,Western,Jeddah,ATTA
JED-SANB-ATTA-11,2602OSPFI0000984,Western,Jeddah,ATTA
JED-SANB-ATTA-12,2602OSPFI0000985,Western,Jeddah,ATTA
JED-SANB-ATTA-13,2602OSPFI0000986,Western,Jeddah,ATTA
JED-SANB-ATTA-F2,2602OSPFI0000987,Western,Jeddah,ATTA
JED-FRDS-ZOMO-51,2602OSPFI0001018,Western,Jeddah,ZOMO
JED-FRDS-ZOMO-52,2602OSPFI0001019,Western,Jeddah,ZOMO
JED-FRDS-ZOMO-53,2602OSPFI0001020,Western,Jeddah,ZOMO
JED-FRDS-ZOMO-54,2602OSPFI0001021,Western,Jeddah,ZOMO
JED-FRDS-ZOMO-56,2602OSPFI0001022,Western,Jeddah,ZOMO
JED-FRDS-ZOMO-57,2602OSPFI0001023,Western,Jeddah,ZOMO
JED-FRDS-ZOMO-58,2602OSPFI0001024,Western,Jeddah,ZOMO
JED-FRDS-ZOMO-59,2602OSPFI0001025,Western,Jeddah,ZOMO
JED-FRDS-ZOMO-60,2602OSPFI0001026,Western,Jeddah,ZOMO
JED-FRDS-ZOMO-62,2602OSPFI0001027,Western,Jeddah,ZOMO
JED-FRDS-ZOMO-63,2602OSPFI0001028,Western,Jeddah,ZOMO
JED-FRDS-ZOMO-64,2602OSPFI0001029,Western,Jeddah,ZOMO
JED-FRDS-ZOMO-65,2602OSPFI0001030,Western,Jeddah,ZOMO
JED-FRDS-ZOMO-66,2602OSPFI0001031,Western,Jeddah,ZOMO
JED-FRDS-ZOMO-67,2602OSPFI0001032,Western,Jeddah,ZOMO
JED-FRDS-ZOMO-F1,2602OSPFI0001033,Western,Jeddah,ZOMO
JED-FRDS-ZOMO-68,2602OSPFI0001034,Western,Jeddah,ZOMO
JED-FRDS-ZOMO-69,2602OSPFI0001035,Western,Jeddah,ZOMO
JED-FRDS-ZOMO-71,2602OSPFI0001036,Western,Jeddah,ZOMO
JED-FRDS-ZOMO-72,2602OSPFI0001037,Western,Jeddah,ZOMO
JED-FRDS-SWAR-83,2602OSPFI0001038,Western,Jeddah,SWAR
JED-FRDS-AMWA-06,2602OSPFI0001039,Western,Jeddah,AMWA
JED-FRDS-AMWA-08,2602OSPFI0001040,Western,Jeddah,AMWA
JED-FRDS-AMWA-09,2602OSPFI0001041,Western,Jeddah,AMWA
JED-FRDS-AMWA-04,2602OSPFI0001042,Western,Jeddah,AMWA
JED-FRDS-AMWA-10,2602OSPFI0001043,Western,Jeddah,AMWA
JED-FRDS-AMWA-12,2602OSPFI0001044,Western,Jeddah,AMWA
JED-FRDS-AMWA-13,2602OSPFI0001045,Western,Jeddah,AMWA
JED-FRDS-AMWA-14,2602OSPFI0001046,Western,Jeddah,AMWA
JED-FRDS-AMWA-17,2602OSPFI0001047,Western,Jeddah,AMWA
JED-FRDS-AMWA-F2,2602OSPFI0001048,Western,Jeddah,AMWA
JED-FRDS-SWAR-F4,2602OSPFI0001049,Western,Jeddah,SWAR
JED-FRDS-MANA-04,2602OSPFI0001050,Western,Jeddah,MANA
,2602OSPOF0000015,Western,N/A,N/A
,2602OSPOF0000021,Western,N/A,N/A
,2602OSPOF0000022,Western,N/A,N/A
,2602OSPOF0000032,Western,N/A,N/A
,2602OSPOF0000033,Western,N/A,N/A
,2602OSPOF0000044,Western,N/A,N/A
JED-HRR2-WAFA-16,2602OSPOI0000001,Western,Jeddah,WAFA
MAD-BIAL-CITY-06,2603OSPCA0000880,Western,Madina,CITY
MAD-BIAL-CITY-13,2603OSPCA0000881,Western,Madina,CITY
MAD-BIAL-CITY-26,2603OSPCA0000882,Western,Madina,CITY
MAD-BIAL-CITY-38,2603OSPCA0000883,Western,Madina,CITY
MAD-BIAL-CITY-40,2603OSPCA0000884,Western,Madina,CITY
MAD-BIAL-INAR-06,2603OSPCA0000885,Western,Madina,INAR
MAD-BIAL-INAR-08,2603OSPCA0000886,Western,Madina,INAR
MAD-BIAL-INAR-09,2603OSPCA0000887,Western,Madina,INAR
MAD-BIAL-INAR-11,2603OSPCA0000888,Western,Madina,INAR
MAD-BIAL-INAR-12,2603OSPCA0000889,Western,Madina,INAR
MAD-BIAL-INAR-14,2603OSPCA0000890,Western,Madina,INAR
MAD-BIAL-INAR-18,2603OSPCA0000891,Western,Madina,INAR
MAD-BIAL-INAR-23,2603OSPCA0000892,Western,Madina,INAR
MAD-BIAL-INAR-25,2603OSPCA0000893,Western,Madina,INAR
MAD-BIAL-INAR-26,2603OSPCA0000894,Western,Madina,INAR
MAD-BIAL-INAR-28,2603OSPCA0000895,Western,Madina,INAR
MAD-BIAL-INAR-29,2603OSPCA0000896,Western,Madina,INAR
MAD-BIAL-INAR-30,2603OSPCA0000897,Western,Madina,INAR
MAD-BIAL-INAR-33,2603OSPCA0000898,Western,Madina,INAR
MAD-BIAL-INAR-36,2603OSPCA0000899,Western,Madina,INAR
MAD-BAID-JAMI-01,2603OSPCI0000661,Western,Madina,JAMI
MAD-BAID-JAMI-03,2603OSPCI0000663,Western,Madina,JAMI
MAD-SHOR-SHRN-F1,2603OSPCI0000800,Western,Madina,SHRN
MAD-SHOR-ASAD-F1,2603OSPCI0000801,Western,Madina,ASAD
MAD-SHOR-RAWA-F1,2603OSPCI0001935,Western,Madina,RAWA
MAD-BIAL-WARQ-F1,2603OSPCI0001936,Western,Madina,WARQ
MAD-SHOR-SHRN-03,2603OSPCI0001937,Western,Madina,SHRN
MAD-SHOR-SHRN-07,2603OSPCI0001944,Western,Madina,SHRN
MAD-SHOR-SHRN-09,2603OSPCI0001945,Western,Madina,SHRN
MAD-SHOR-SHRN-10,2603OSPCI0001946,Western,Madina,SHRN
MAD-SHOR-SHRN-11,2603OSPCI0001947,Western,Madina,SHRN
MAD-SHOR-SHRN-12,2603OSPCI0001948,Western,Madina,SHRN
MAD-SHOR-SHRN-13,2603OSPCI0001949,Western,Madina,SHRN
MAD-SHOR-SHRN-14,2603OSPCI0001950,Western,Madina,SHRN
MAD-SHOR-SHRN-15,2603OSPCI0001951,Western,Madina,SHRN
MAD-SHOR-SHRN-16,2603OSPCI0001952,Western,Madina,SHRN
MAD-SHOR-SHRN-18,2603OSPCI0001953,Western,Madina,SHRN
MAD-SHOR-SHRN-21,2603OSPCI0001955,Western,Madina,SHRN
MAD-SHOR-ASAD-02,2603OSPCI0001956,Western,Madina,ASAD
MAD-SHOR-ASAD-03,2603OSPCI0001957,Western,Madina,ASAD
MAD-SHOR-ASAD-05,2603OSPCI0001958,Western,Madina,ASAD
MAD-SHOR-ASAD-07,2603OSPCI0001959,Western,Madina,ASAD
MAD-SHOR-ASAD-09,2603OSPCI0001960,Western,Madina,ASAD
MAD-SHOR-ASAD-10,2603OSPCI0001961,Western,Madina,ASAD
MAD-SHOR-RAWA-01,2603OSPCI0001962,Western,Madina,RAWA
MAD-SHOR-RAWA-06,2603OSPCI0001963,Western,Madina,RAWA
MAD-SHOR-ASAD-06,2603OSPCI0001964,Western,Madina,ASAD
MAD-BAID-JAMI-02,2603OSPCI0001975,Western,Madina,JAMI
MAD-BIAL-CITY-06,2603OSPCI0002013,Western,Madina,CITY
MAD-BIAL-CITY-13,2603OSPCI0002014,Western,Madina,CITY
MAD-BIAL-CITY-26,2603OSPCI0002015,Western,Madina,CITY
MAD-BIAL-CITY-38,2603OSPCI0002016,Western,Madina,CITY
MAD-BIAL-CITY-40,2603OSPCI0002017,Western,Madina,CITY
MAD-BIAL-INAR-06,2603OSPCI0002018,Western,Madina,INAR
MAD-BIAL-INAR-08,2603OSPCI0002019,Western,Madina,INAR
MAD-BIAL-INAR-09,2603OSPCI0002020,Western,Madina,INAR
MAD-BIAL-INAR-11,2603OSPCI0002021,Western,Madina,INAR
MAD-BIAL-INAR-12,2603OSPCI0002022,Western,Madina,INAR
MAD-BIAL-INAR-14,2603OSPCI0002023,Western,Madina,INAR
MAD-BIAL-INAR-18,2603OSPCI0002024,Western,Madina,INAR
MAD-BIAL-INAR-23,2603OSPCI0002025,Western,Madina,INAR
MAD-BIAL-INAR-25,2603OSPCI0002026,Western,Madina,INAR
MAD-BIAL-INAR-26,2603OSPCI0002027,Western,Madina,INAR
MAD-BIAL-INAR-28,2603OSPCI0002028,Western,Madina,INAR
MAD-BIAL-INAR-29,2603OSPCI0002029,Western,Madina,INAR
MAD-BIAL-INAR-30,2603OSPCI0002030,Western,Madina,INAR
MAD-BIAL-INAR-33,2603OSPCI0002031,Western,Madina,INAR
MAD-BIAL-INAR-36,2603OSPCI0002032,Western,Madina,INAR
MAD-BAID-TABA-07,2603OSPCI0002033,Western,Madina,TABA
MAD-BAID-TABA-09,2603OSPCI0002034,Western,Madina,TABA
MAD-BIAL-CITY-06,2603OSPFA0000953,Western,Madina,CITY
MAD-BIAL-CITY-13,2603OSPFA0000954,Western,Madina,CITY
MAD-BIAL-CITY-26,2603OSPFA0000955,Western,Madina,CITY
MAD-BIAL-CITY-38,2603OSPFA0000956,Western,Madina,CITY
MAD-BIAL-CITY-40,2603OSPFA0000957,Western,Madina,CITY
MAD-BIAL-INAR-06,2603OSPFA0000958,Western,Madina,INAR
MAD-BIAL-INAR-08,2603OSPFA0000959,Western,Madina,INAR
MAD-BIAL-INAR-09,2603OSPFA0000960,Western,Madina,INAR
MAD-BIAL-INAR-11,2603OSPFA0000961,Western,Madina,INAR
MAD-BIAL-INAR-12,2603OSPFA0000962,Western,Madina,INAR
MAD-BIAL-INAR-14,2603OSPFA0000963,Western,Madina,INAR
MAD-BIAL-INAR-18,2603OSPFA0000964,Western,Madina,INAR
MAD-BIAL-INAR-23,2603OSPFA0000965,Western,Madina,INAR
MAD-BIAL-INAR-25,2603OSPFA0000966,Western,Madina,INAR
MAD-BIAL-INAR-26,2603OSPFA0000967,Western,Madina,INAR
MAD-BIAL-INAR-28,2603OSPFA0000968,Western,Madina,INAR
MAD-BIAL-INAR-29,2603OSPFA0000969,Western,Madina,INAR
MAD-BIAL-INAR-30,2603OSPFA0000970,Western,Madina,INAR
MAD-BIAL-INAR-33,2603OSPFA0000971,Western,Madina,INAR
MAD-BIAL-INAR-36,2603OSPFA0000972,Western,Madina,INAR
MAD-BAID-JAMI-01,2603OSPFI0000714,Western,Madina,JAMI
MAD-BAID-JAMI-02,2603OSPFI0000715,Western,Madina,JAMI
MAD-BAID-JAMI-03,2603OSPFI0000716,Western,Madina,JAMI
MAD-BIAL-UMKH-07,2603OSPFI0000842,Western,Madina,UMKH
MAD-BIAL-UMKH-11,2603OSPFI0000843,Western,Madina,UMKH
MAD-BIAL-UMKH-12,2603OSPFI0000844,Western,Madina,UMKH
MAD-BIAL-UMKH-13,2603OSPFI0000845,Western,Madina,UMKH
MAD-BIAL-UMKH-15,2603OSPFI0000846,Western,Madina,UMKH
MAD-BIAL-UMKH-F1,2603OSPFI0000847,Western,Madina,UMKH
MAD-BIAL-UMKH-14,2603OSPFI0000848,Western,Madina,UMKH
MAD-BIAL-UMKH-16,2603OSPFI0000849,Western,Madina,UMKH
MAD-BIAL-UMKH-18,2603OSPFI0000854,Western,Madina,UMKH
MAD-BIAL-UMKH-20,2603OSPFI0000855,Western,Madina,UMKH
MAD-BIAL-UMKH-22,2603OSPFI0000856,Western,Madina,UMKH
MAD-BIAL-UMKH-21,2603OSPFI0000857,Western,Madina,UMKH
MAD-SHOR-SHRN-F1,2603OSPFI0000871,Western,Madina,SHRN
MAD-SHOR-ASAD-F1,2603OSPFI0000872,Western,Madina,ASAD
MAD-SHOR-RAWA-F1,2603OSPFI0000873,Western,Madina,RAWA
MAD-BIAL-INAR-F1,2603OSPFI0000874,Western,Madina,INAR
MAD-BIAL-CITY-F1,2603OSPFI0000875,Western,Madina,CITY
MAD-BIAL-WARQ-F1,2603OSPFI0000876,Western,Madina,WARQ
MAD-SHOR-SHRN-03,2603OSPFI0000877,Western,Madina,SHRN
MAD-SHOR-SHRN-07,2603OSPFI0000884,Western,Madina,SHRN
MAD-SHOR-SHRN-09,2603OSPFI0000885,Western,Madina,SHRN
MAD-SHOR-SHRN-10,2603OSPFI0000886,Western,Madina,SHRN
MAD-SHOR-SHRN-11,2603OSPFI0000887,Western,Madina,SHRN
MAD-SHOR-SHRN-12,2603OSPFI0000888,Western,Madina,SHRN
MAD-SHOR-SHRN-13,2603OSPFI0000889,Western,Madina,SHRN
MAD-SHOR-SHRN-14,2603OSPFI0000890,Western,Madina,SHRN
MAD-SHOR-SHRN-15,2603OSPFI0000891,Western,Madina,SHRN
MAD-SHOR-SHRN-16,2603OSPFI0000892,Western,Madina,SHRN
MAD-SHOR-SHRN-18,2603OSPFI0000893,Western,Madina,SHRN
MAD-SHOR-SHRN-19,2603OSPFI0000894,Western,Madina,SHRN
MAD-SHOR-SHRN-21,2603OSPFI0000895,Western,Madina,SHRN
MAD-SHOR-ASAD-02,2603OSPFI0000896,Western,Madina,ASAD
MAD-SHOR-ASAD-03,2603OSPFI0000897,Western,Madina,ASAD
MAD-SHOR-ASAD-05,2603OSPFI0000898,Western,Madina,ASAD
MAD-SHOR-ASAD-09,2603OSPFI0000900,Western,Madina,ASAD
MAD-SHOR-ASAD-10,2603OSPFI0000901,Western,Madina,ASAD
MAD-SHOR-RAWA-01,2603OSPFI0000902,Western,Madina,RAWA
MAD-SHOR-RAWA-06,2603OSPFI0000903,Western,Madina,RAWA
MAD-SHOR-ASAD-06,2603OSPFI0000904,Western,Madina,ASAD
MAD-BAID-JAMI-02,2603OSPFI0000915,Western,Madina,JAMI
MAD-BIAL-CITY-06,2603OSPFI0000953,Western,Madina,CITY
MAD-BIAL-CITY-13,2603OSPFI0000954,Western,Madina,CITY
MAD-BIAL-CITY-26,2603OSPFI0000955,Western,Madina,CITY
MAD-BIAL-CITY-38,2603OSPFI0000956,Western,Madina,CITY
MAD-BIAL-CITY-40,2603OSPFI0000957,Western,Madina,CITY
MAD-BIAL-INAR-06,2603OSPFI0000958,Western,Madina,INAR
MAD-BIAL-INAR-08,2603OSPFI0000959,Western,Madina,INAR
MAD-BIAL-INAR-09,2603OSPFI0000960,Western,Madina,INAR
MAD-BIAL-INAR-11,2603OSPFI0000961,Western,Madina,INAR
MAD-BIAL-INAR-12,2603OSPFI0000962,Western,Madina,INAR
MAD-BIAL-INAR-14,2603OSPFI0000963,Western,Madina,INAR
MAD-BIAL-INAR-18,2603OSPFI0000964,Western,Madina,INAR
MAD-BIAL-INAR-23,2603OSPFI0000965,Western,Madina,INAR
MAD-BIAL-INAR-25,2603OSPFI0000966,Western,Madina,INAR
MAD-BIAL-INAR-26,2603OSPFI0000967,Western,Madina,INAR
MAD-BIAL-INAR-28,2603OSPFI0000968,Western,Madina,INAR
MAD-BIAL-INAR-29,2603OSPFI0000969,Western,Madina,INAR
MAD-BIAL-INAR-30,2603OSPFI0000970,Western,Madina,INAR
MAD-BIAL-INAR-33,2603OSPFI0000971,Western,Madina,INAR
MAD-BIAL-INAR-36,2603OSPFI0000972,Western,Madina,INAR
MAD-BAID-TABA-07,2603OSPFI0000975,Western,Madina,TABA
MAD-BAID-TABA-09,2603OSPFI0000976,Western,Madina,TABA
JUB-DHAH-AZIZ-16,2605OSPFI0000020,Eastern,Jubail,AZIZ
TAB-TBHH-MASY-01,2607OSPFA0000134,Western,Tabuk,MASY
TAB-TBHH-MASY-02,2607OSPFA0000135,Western,Tabuk,MASY
TAB-TBHH-MASY-03,2607OSPFA0000136,Western,Tabuk,MASY
TAB-TBHH-MASY-04,2607OSPFA0000137,Western,Tabuk,MASY
TAB-TBHH-MASY-F1,2607OSPFA0000138,Western,Tabuk,MASY
TAB-TBHH-MASY-01,2607OSPFI0000134,Western,Tabuk,MASY
TAB-TBHH-MASY-02,2607OSPFI0000135,Western,Tabuk,MASY
TAB-TBHH-MASY-03,2607OSPFI0000136,Western,Tabuk,MASY
TAB-TBHH-MASY-04,2607OSPFI0000137,Western,Tabuk,MASY
TAB-TBHH-MASY-F1,2607OSPFI0000138,Western,Tabuk,MASY
BAH-BCPS-MASA-01,2612OSPCA0000216,Southern,Baha,MASA
BAH-BCPS-SARA-01,2612OSPCA0000217,Southern,Baha,SARA
BAH-BCPS-ADEL-01,2612OSPCA0000218,Southern,Baha,ADEL
BAH-BCPS-GHAD-01,2612OSPCA0000219,Southern,Baha,GHAD
BAH-BCPS-RADW-01,2612OSPCA0000220,Southern,Baha,RADW
BAH-BCPS-AREE-01,2612OSPCA0000221,Southern,Baha,AREE
BAH-BCPS-ARIF-01,2612OSPCA0000222,Southern,Baha,ARIF
BAH-BCPS-NAIM-01,2612OSPCA0000223,Southern,Baha,NAIM
BAH-BCPS-BADR-01,2612OSPCA0000224,Southern,Baha,BADR
BAH-BCPS-MASA-01,2612OSPCI0000216,Southern,Baha,MASA
BAH-BCPS-SARA-01,2612OSPCI0000217,Southern,Baha,SARA
BAH-BCPS-ADEL-01,2612OSPCI0000218,Southern,Baha,ADEL
BAH-BCPS-GHAD-01,2612OSPCI0000219,Southern,Baha,GHAD
BAH-BCPS-RADW-01,2612OSPCI0000220,Southern,Baha,RADW
BAH-BCPS-AREE-01,2612OSPCI0000221,Southern,Baha,AREE
BAH-BCPS-ARIF-01,2612OSPCI0000222,Southern,Baha,ARIF
BAH-BCPS-NAIM-01,2612OSPCI0000223,Southern,Baha,NAIM
BAH-BCPS-BADR-01,2612OSPCI0000224,Southern,Baha,BADR
BAH-BCPS-MASA-01,2612OSPFA0000243,Southern,Baha,MASA
BAH-BCPS-SARA-01,2612OSPFA0000244,Southern,Baha,SARA
BAH-BCPS-ADEL-01,2612OSPFA0000245,Southern,Baha,ADEL
BAH-BCPS-RADW-01,2612OSPFA0000246,Southern,Baha,RADW
BAH-BCPS-GHAD-01,2612OSPFA0000247,Southern,Baha,GHAD
BAH-BCPS-ARIF-01,2612OSPFA0000248,Southern,Baha,ARIF
BAH-BCPS-AREE-01,2612OSPFA0000249,Southern,Baha,AREE
BAH-BCPS-NAIM-01,2612OSPFA0000250,Southern,Baha,NAIM
BAH-BCPS-BADR-01,2612OSPFA0000251,Southern,Baha,BADR
BAH-BCPS-MASA-01,2612OSPFI0000243,Southern,Baha,MASA
BAH-BCPS-SARA-01,2612OSPFI0000244,Southern,Baha,SARA
BAH-BCPS-ADEL-01,2612OSPFI0000245,Southern,Baha,ADEL
BAH-BCPS-RADW-01,2612OSPFI0000246,Southern,Baha,RADW
BAH-BCPS-GHAD-01,2612OSPFI0000247,Southern,Baha,GHAD
BAH-BCPS-ARIF-01,2612OSPFI0000248,Southern,Baha,ARIF
BAH-BCPS-AREE-01,2612OSPFI0000249,Southern,Baha,AREE
BAH-BCPS-NAIM-01,2612OSPFI0000250,Southern,Baha,NAIM
BAH-BCPS-BADR-01,2612OSPFI0000251,Southern,Baha,BADR
